-- MySQL dump 10.13  Distrib 5.7.12, for Win64 (x86_64)
--
-- Host: localhost    Database: deliondb
-- ------------------------------------------------------
-- Server version	5.7.15-log

/*!40101 SET @OLD_CHARACTER_SET_CLIENT=@@CHARACTER_SET_CLIENT */;
/*!40101 SET @OLD_CHARACTER_SET_RESULTS=@@CHARACTER_SET_RESULTS */;
/*!40101 SET @OLD_COLLATION_CONNECTION=@@COLLATION_CONNECTION */;
/*!40101 SET NAMES utf8 */;
/*!40103 SET @OLD_TIME_ZONE=@@TIME_ZONE */;
/*!40103 SET TIME_ZONE='+00:00' */;
/*!40014 SET @OLD_UNIQUE_CHECKS=@@UNIQUE_CHECKS, UNIQUE_CHECKS=0 */;
/*!40014 SET @OLD_FOREIGN_KEY_CHECKS=@@FOREIGN_KEY_CHECKS, FOREIGN_KEY_CHECKS=0 */;
/*!40101 SET @OLD_SQL_MODE=@@SQL_MODE, SQL_MODE='NO_AUTO_VALUE_ON_ZERO' */;
/*!40111 SET @OLD_SQL_NOTES=@@SQL_NOTES, SQL_NOTES=0 */;

--
-- Table structure for table `category`
--

DROP TABLE IF EXISTS `category`;
/*!40101 SET @saved_cs_client     = @@character_set_client */;
/*!40101 SET character_set_client = utf8 */;
CREATE TABLE `category` (
  `category_id` int(11) NOT NULL AUTO_INCREMENT,
  `category` varchar(45) NOT NULL,
  `shop_or_lifeinfo` varchar(45) DEFAULT NULL,
  `img` varchar(200) DEFAULT NULL,
  `img_ppoi` varchar(45) DEFAULT NULL,
  PRIMARY KEY (`category_id`),
  UNIQUE KEY `id_UNIQUE` (`category_id`),
  UNIQUE KEY `category_UNIQUE` (`category`)
) ENGINE=InnoDB AUTO_INCREMENT=16 DEFAULT CHARSET=utf8;
/*!40101 SET character_set_client = @saved_cs_client */;

--
-- Dumping data for table `category`
--

LOCK TABLES `category` WRITE;
/*!40000 ALTER TABLE `category` DISABLE KEYS */;
INSERT INTO `category` VALUES (1,'치킨','0','',NULL),(2,'중국집','0','',NULL),(3,'피자','0','',NULL),(4,'한식','0','',NULL),(5,'분식','0','',NULL),(6,'패스트푸드','0','',NULL),(7,'족발','0','',NULL),(8,'세탁소','1','',NULL),(9,'편의점','1','',NULL),(10,'약국','1','',NULL),(11,'병원','1','',NULL),(12,'인쇄소','1','',NULL),(13,'문구점','1','',NULL),(14,'은행,ATM','1','',NULL),(15,'의류수선','1','img/조진웅_VEWtDPc.jpg','0.5x0.5');
/*!40000 ALTER TABLE `category` ENABLE KEYS */;
UNLOCK TABLES;

--
-- Table structure for table `menu`
--

DROP TABLE IF EXISTS `menu`;
/*!40101 SET @saved_cs_client     = @@character_set_client */;
/*!40101 SET character_set_client = utf8 */;
CREATE TABLE `menu` (
  `menu_id` int(11) NOT NULL AUTO_INCREMENT,
  `shop_id` int(11) NOT NULL,
  `menu_name` varchar(45) NOT NULL,
  `extender_menu` varchar(45) NOT NULL,
  `price` int(11) DEFAULT '0',
  PRIMARY KEY (`menu_id`),
  UNIQUE KEY `menuid_UNIQUE` (`menu_id`),
  KEY `shop_id_idx` (`shop_id`),
  CONSTRAINT `shop_id` FOREIGN KEY (`shop_id`) REFERENCES `shop_lifeinfo` (`shop_lifeinfo_id`) ON DELETE CASCADE ON UPDATE NO ACTION
) ENGINE=InnoDB AUTO_INCREMENT=2278 DEFAULT CHARSET=utf8;
/*!40101 SET character_set_client = @saved_cs_client */;

--
-- Dumping data for table `menu`
--

LOCK TABLES `menu` WRITE;
/*!40000 ALTER TABLE `menu` DISABLE KEYS */;
INSERT INTO `menu` VALUES (1,1,'3종세트(후라이드+양념+깐풍)','세트메뉴',18000),(2,1,'웰빙파닭(후라이드+양념)','세트메뉴',18000),(3,1,'웰빙파닭(후라이드+깐풍기)','세트메뉴',18000),(4,1,'웰빙파닭(양념+깐풍기)','세트메뉴',19000),(5,1,'후라이드치킨(뼈or순살)','치킨',16000),(6,1,'양념치킨(뼈or순살)','치킨',17000),(7,1,'깐풍치킨(뼈or순살)','치킨',17000),(8,1,'매콤후라이드','치킨',17000),(9,1,'똥집감자튀김','사이드메뉴',10000),(10,1,'깐풍똥집','사이드메뉴',12000),(11,1,'생맥500cc','음료',3000),(12,1,'생맥1700cc','음료',10000),(13,1,'소주','음료',3000),(14,1,'병맥주','음료',4000),(15,1,'콜라/사이다(중)','음료',1500),(16,1,'콜라/사이다(대)','음료',2500),(17,2,'순살1가지선택(깐풍닭or탕수닭or튀김닭or양념닭or간장닭) + 콜라500ml','세트메뉴',11000),(18,2,'순살2가지선택(깐풍닭or탕수닭or튀김닭or양념닭or간장닭) + 콜라1.25L','세트메뉴',17000),(19,2,'순살3가지선택(깐풍닭or탕수닭or튀김닭or양념닭or간장닭) + 콜라1.25L','세트메뉴',25000),(20,2,'안동찜닭','치킨',18000),(21,2,'닭도리탕','치킨',18000),(22,3,'후라이드반+양념반윙봉(마일드or핫)','세트메뉴',16000),(23,3,'후라이드반+양념반윙봉20조각(마일드or핫)','세트메뉴',17000),(24,3,'닭다리반(4조각)+닭날개반(5조각)(마일드or핫)','세트메뉴',17000),(25,3,'골드링양파닭(오리지널)','치킨',18000),(26,3,'골드링양파닭(순살)','치킨',20000),(27,3,'닭다리(마일드or핫)','치킨',17000),(28,3,'닭날개(마일드or핫)','치킨',17000),(29,3,'참나무훈제치킨','치킨',15000),(30,3,'네네흑임자치킨','치킨',20000),(31,3,'네네마늘치킨(오리지날)','치킨',17000),(32,3,'네네마늘치킨(순살)','치킨',19000),(33,3,'네네순살닭강정','치킨',18000),(34,3,'스노윙치킨야채(오리지날)','치킨',17000),(35,3,'스노윙치킨야채(순살)','치킨',19000),(36,3,'스노윙치킨치즈(오리지날)','치킨',17000),(37,3,'스노윙치킨치즈(순살)','치킨',19000),(38,3,'오리엔탈파닭(오리지날)','치킨',17000),(39,3,'오리엔탈파닭(순살)','치킨',19000),(40,3,'쇼킹핫양념치킨(오리지날)','치킨',17000),(41,3,'쇼킹핫양념치킨(순살)','치킨',19000),(42,3,'후라이드치킨(오리지날)(마일드or핫)','치킨',15000),(43,3,'후라이드치킨(순살)(마일드or핫)','치킨',17000),(44,3,'양념치킨','치킨',16000),(45,3,'후닭(마일드or핫)','치킨',16000),(46,3,'후닭윙봉(마일드or핫)','치킨',18000),(47,3,'네네스위틱','사이드메뉴',3000),(48,3,'후닭(순살)(마일드or핫)','치킨',18000),(49,3,'안동찜닭(대)','찜닭',34000),(50,4,'맛초킹','치킨',17000),(51,4,'맛초킹윙','치킨',17000),(52,4,'쏘스에무쵸','치킨',18000),(53,4,'쇼스에무쵸핫','치킨',18000),(54,4,'뿌링클','치킨',17000),(55,4,'뿌링클핫','치킨',18000),(56,4,'바삭클','치킨',15000),(57,4,'프리미엄텐더요레요레(애플or레몬)','치킨',17000),(58,4,'별코치','치킨',18000),(59,4,'치킨강정한마리','치킨',18000),(60,4,'순살떡감정(매콤or달콤)','치킨',19500),(61,4,'순살치킨강정(매콤or달콤)','치킨',19000),(62,4,'순살파닭(간장,겨자,파추가시1000원)','치킨',19500),(63,4,'매운닭날개구이','치킨',15000),(64,4,'순살뿌링클','치킨',19000),(65,4,'순살뿌링클핫','치킨',19900),(66,4,'순살바삭클','치킨',18000),(67,4,'후라이드치킨','치킨',15000),(68,4,'핫후라이드치킨','치킨',16000),(69,4,'닭날개후라이드','치킨',17000),(70,4,'닭다리후라이드치킨(8조각)','치킨',17000),(71,4,'양념치킨','치킨',16000),(72,4,'매운맛양념치킨','치킨',17000),(73,4,'반반치킨(후라이드반+양념반)','치킨',16000),(74,4,'루팡치킨한마리','치킨',18000),(75,4,'루팡치킨날개','치킨',18000),(76,4,'간장골드한마리','치킨',16000),(77,4,'간장골드윙','치킨',17000),(78,4,'간장골드닭다리','치킨',17000),(79,4,'간장골드다리윙','치킨',17000),(80,4,'달콤바삭치즈볼(5개)','사이드메뉴',5000),(81,4,'케이준프라이','사이드메뉴',3000),(82,4,'뿌링콜팝','사이드메뉴',3500),(83,4,'왕콜팝','사이드메뉴',4000),(84,4,'미니콜팝','사이드메뉴',3000),(85,4,'커리퀸','치킨',17000),(86,4,'순살커리퀸','치킨',19000),(87,4,'뿌링치즈스틱','사이드메뉴',4000),(88,4,'리코타치즈샐러드','사이드메뉴',7000),(89,4,'케이준프라이','사이드메뉴',3000),(90,4,'뿌링뿌링소스','사이드메뉴',1500),(91,4,'콜팝치킨','사이드메뉴',3000),(92,5,'SET1)후라이드치킨(大)+콤비네이션피자R+콜라500ml+쿠폰','세트메뉴',17000),(93,5,'SET2)양념치킨(大)+콤비네이션피자R+콜라500ml+쿠폰','세트메뉴',18000),(94,5,'SET3)순살치킨(大)+콤비네이션피자R+콜라500ml+쿠폰','세트메뉴',17000),(95,5,'SET4)순살양념치킨(大)+콤비네이션피자R+콜라500ml+쿠폰','세트메뉴',18000),(96,5,'SET5)다리치킨(大)+콤비네이션피자R+콜라500ml+쿠폰','세트메뉴',19000),(97,5,'SET6)날개치킨(大)+콤비네이션피자R+콜라500ml+쿠폰','세트메뉴',19000),(98,5,'SET7)다리+날개치킨(大)+콤비네이션피자R+콜라500ml+쿠폰','세트메뉴',19000),(99,5,'SET8)간장치킨(大)+콤비네이션피자R+콜라500ML+쿠폰','세트메뉴',19000),(100,5,'순살두마리치킨(후라이드+양념)+콜라(大)','세트메뉴',19000),(101,5,'후라이드치킨+콤비네이션피자(L)+콜라(大)','세트메뉴',20500),(102,5,'후라이드치킨+치즈크러스트(L)+콜라(大)','세트메뉴',22000),(103,5,'콤비네이션피자L','피자',11500),(104,5,'콤비네이션피자R','피자',9500),(105,5,'불고기피자L','피자',11500),(106,5,'불고기피자R','피자',9500),(107,5,'페페로니피자L','피자',11500),(108,5,'페페로니피자R','피자',9500),(109,5,'치즈크러스트피자L','피자',13000),(110,5,'치즈크러스트피자R','피자',10000),(111,5,'포테이토피자L','피자',14000),(112,5,'포테이토피자R','피자',11000),(113,5,'고구마피자L','피자',15000),(114,5,'고구마피자R','피자',12000),(115,5,'리치골드L','피자',15000),(116,5,'리치골드R','피자',12000),(117,5,'치즈바이트L','피자',15000),(118,5,'치즈바이트R','피자',12000),(119,5,'후라이드치킨','치킨',13000),(120,5,'양념치킨','치킨',14000),(121,5,'순살후라이드','치킨',13000),(122,5,'순살양념','치킨',14000),(123,5,'다리+날개','치킨',15000),(124,5,'다리치킨','치킨',15000),(125,5,'날개치킨','치킨',15000),(126,5,'간장치킨','치킨',15000),(127,6,'후라이드+간장,양념,겨자,마늘,불닭,웰빙중택1','후라이드+세트',17000),(128,6,'후라이드+양념','후라이드+세트',17000),(129,6,'후라이드+겨자','후라이드+세트',17000),(130,6,'후라이드+마늘','후라이드+세트',17000),(131,6,'후라이드+불닭','후라이드+세트',17000),(132,6,'후라이드+웰빙','후라이드+세트',17000),(133,6,'아래7개매뉴중2개선택!','두마리세트',18000),(134,6,'후라이드,간장,양념','두마리세트',0),(135,6,'겨자,마늘,불닭,카레 (1000원 추가)','두마리세트',0),(136,6,'먹물,치즈머스타드 (2000원 추가)','두마리세트',0),(137,6,'양파순살(어니언)시 1000원 추가','두마리세트',0),(138,6,'아래7개매뉴중3개선택!','세마리세트',27000),(139,6,'후라이드,간장,양념','세마리세트',0),(140,6,'겨자,마늘,불닭,카레 (1000원 추가)','세마리세트',0),(141,6,'먹물,치즈머스타드 (2000원 추가)','세마리세트',0),(142,6,'양파순살(어니언)시 1000원 추가','세마리세트',0),(143,6,'아래7개매뉴중1개선택!','한마리',13000),(144,6,'후라이드,간장,양념','한마리',0),(145,6,'겨자,마늘,불닭,카레 (1000원 추가)','한마리',0),(146,6,'먹물,치즈머스타드 (2000원 추가)','한마리',0),(147,6,'양파순살(어니언)시 1000원 추가','한마리',0),(148,7,'굽네 오리지널','치킨',15000),(149,7,'굽네 오리지널(순살)','치킨',18000),(150,7,'굽네 오리지널 통다리','치킨',17000),(151,7,'굽네 오리지널 윙,봉','치킨',17000),(152,7,'고추 바사삭치킨','치킨',16000),(153,7,'고추 바사삭치킨(순살)','치킨',19000),(154,7,'굽네 양념치킨','치킨',17000),(155,7,'굽네 쌀강정','치킨',17000),(156,7,'굽네 핫치킨','치킨',16000),(157,7,'굽네 데리치킨','치킨',17000),(158,7,'굽네폭립','사이드',18000),(159,7,'굽네핫미니족','사이드',17000),(160,7,'굽네핫닭발','사이드',16000),(161,7,'굽네볼케이노','치킨',17000),(162,7,'굽네후르츄소이갈릭','치킨',17000),(163,7,'굽네순살+굽네통다리','반반세트',18000),(164,7,'굽네순살+굽네윙봉','반반세트',18000),(165,7,'굽네통다리+굽네윙봉','반반세트',17000),(166,8,'맵고마피치세트 M','피치세트',19900),(167,8,'맵고마피치세트 L','피치세트',22900),(168,8,'살라미요피치세트 M','피치세트',18900),(169,8,'살라미요피치세트 L','피치세트',21900),(170,8,'순살화이트어니언피치세트 M','피치세트',19900),(171,8,'순살화이트어니언피치세트 L','피치세트',22900),(172,8,'스윗콤보피치세트 M','피치세트',19900),(173,8,'스윗콤보피치세트 L','피치세트',22900),(174,8,'통새우불고기피치세트','피치세트',19900),(175,8,'통새우불고기피치세트 L','피치세트',22900),(176,8,'페퍼간장피치세트 M','피치세트',17900),(177,8,'페퍼간장피치세트 L','피치세트',20900),(178,8,'골든치즈볼피치세트 M','피치세트',18900),(179,8,'골든치즈볼피치세트 L','피치세트',21900),(180,8,'트리플바비큐피치세트 M','피치세트',18900),(181,8,'트리플바비큐피치세트 L','피치세트',21900),(182,8,'허니갈릭피치세트 M','피치세트',18900),(183,8,'허니갈릭피치세트 L','피치세트',21900),(184,8,'치즈크리스피피치세트 M','피치세트',17900),(185,8,'치즈크리스피피치세트 L','피치세트',20900),(186,8,'순살쉬림프골드세트 M','피치세트',18900),(187,8,'순살쉬림프골드세트 L','피치세트',21900),(188,8,'갈릭앤갈릭피치세트 M','피치세트',18900),(189,8,'갈릭앤갈릭피치세트 L','피치세트',21900),(190,8,'스위트불고기피치세트 M','피치세트',17900),(191,8,'스위트불고기피치세트 L','피치세트',20900),(192,8,'더블포테이토피치세트 M','피치세트',17900),(193,8,'더블포테이토피치세트 L','피치세트',20900),(194,8,'크리미어니언피치세트 M','피치세트',17900),(195,8,'크리미어니언피치세트 L','피치세트',20900),(196,8,'피치세트 M','피치세트',15900),(197,8,'피치세트 L','피치세트',18900),(198,8,'고구마피치세트 M','피치세트',17900),(199,8,'고구마피치세트 L','피치세트',20900),(200,8,'핫리치피치세트 M','피치세트',17900),(201,8,'핫리치피치세트 L','피치세트',20900),(202,8,'페퍼로니피치세트 M','피치세트',15900),(203,8,'페퍼로니피치세트 L','피치세트',18900),(204,8,'치즈피치세트 M','피치세트',15900),(205,8,'치즈피치세트 L','피치세트',18900),(206,8,'탄두리커리피치세트 M','피치세트',17900),(207,8,'탄두리커리피치세트 L','피치세트',20900),(208,8,'순살닭다리피치세트 M','피치세트',17900),(209,8,'순살닭다리피치세트 L','피치세트',20900),(210,8,'로얄체다포크피자 M','피자',13900),(211,8,'로얄체다포크피자 L','피자',16900),(212,8,'살리미요피자 M','피자',14900),(213,8,'살리미요피자 L','피자',17900),(214,8,'통새우불고기피자 M','피자',14900),(215,8,'통새우불고기피자 L','피자',17900),(216,8,'골든치즈볼피자 M','피자',14900),(217,8,'골든치즈볼피자 L','피자',17900),(218,8,'트리플바비큐피자 M','피자',14900),(219,8,'트리플바비큐피자 L','피자',17900),(220,8,'갈릭앤갈릭피자 M','피자',14900),(221,8,'갈릭앤갈릭피자 L','피자',17900),(222,8,'스위트불고기피자 M','피자',13900),(223,8,'스위트불고기피자 L','피자',16900),(224,8,'더블포테이토피자 M','피자',13900),(225,8,'더블포테이토피자 L','피자',16900),(226,8,'크리미어니언피자 M','피자',13900),(227,8,'크리미어니언피자 L','피자',16900),(228,8,'콤비네이션피자 M','피자',10900),(229,8,'콤비네이션피자 L','피자',13900),(230,8,'고구마피자 M','피자',13900),(231,8,'고구마피자 L','피자',16900),(232,8,'핫리치피자 M','피자',13900),(233,8,'핫리치피자 L','피자',16900),(234,8,'페퍼로니피자 M','피자',10900),(235,8,'페퍼로니피자 L','피자',13900),(236,8,'치즈피자 M','피자',10900),(237,8,'치즈피자 L','피자',13900),(238,8,'맵고마치킨','치킨',16000),(239,8,'순살화이트어니언치킨','치킨',16000),(240,8,'스윗콤보치킨','치킨',16000),(241,8,'페퍼간장치킨','치킨',14000),(242,8,'허니갈릭치킨','치킨',15000),(243,8,'치즈크리스피치킨','치킨',14000),(244,8,'순살쉬림프골드치킨','치킨',15000),(245,8,'탄두리커리치킨','치킨',14000),(246,8,'후라이드치킨','치킨',12000),(247,8,'양념치킨','치킨',13000),(248,8,'순살닭다리치킨','치킨',15000),(249,8,'양념','디핑소스',500),(250,8,'리얼갈릭','디핑소스',700),(251,8,'스위트칠리','디핑소스',700),(252,8,'파인요거트','디핑소스',700),(253,8,'맵고마','디핑소스',700),(254,8,'500ml','콜라',700),(255,8,'1.2L','콜라',1100),(256,8,'치즈스틱 4EA','사이드메뉴',3500),(257,8,'푸실리스스파게티','사이드메뉴',4000),(258,9,'Set A(짜장2+탕수육)','세트메뉴',19000),(259,9,'Set B(짬뽕2+탕수육)','세트메뉴',20000),(260,9,'Set C(쟁반짜장(2인분)+탕수육)','세트메뉴',21000),(261,9,'짜장면','면류',5000),(262,9,'간짜장','면류',5500),(263,9,'짬뽕','면류',5500),(264,9,'우동','면류',5500),(265,9,'울면','면류',5500),(266,9,'삼선간짜장','면류',6500),(267,9,'기스면','면류',6500),(268,9,'삼선우동','면류',7500),(269,9,'삼선짬뽕','면류',7500),(270,9,'삼선울면','면류',7500),(271,9,'하얀짬뽕','면류',7500),(272,9,'해물탕면','면류',7500),(273,9,'압구정특면','면류',8000),(274,9,'삼선고추짬뽕','면류',7500),(275,9,'삼선쟁반짜장(2인분)','면류',12000),(276,9,'삼선쟁반짜장(1인분)','면류',6500),(277,9,'삼선쟁반짬뽕(2인분)','면류',13000),(278,9,'삼선쟁반짬뽕(1인분)','면류',7500),(279,9,'짜장밥','밥류',5500),(280,9,'볶음밥','밥류',5500),(281,9,'짬뽕밥','밥류',6000),(282,9,'삼선볶음밥','밥류',7000),(283,9,'새우볶음밥','밥류',7000),(284,9,'마파두부밥','밥류',7000),(285,9,'잡채밥','밥류',6500),(286,9,'고추잡채밥','밥류',7500),(287,9,'라조육밥','밥류',8000),(288,9,'송이덮밥','밥류',7500),(289,9,'삼선짬뽕밥','밥류',8000),(290,9,'게살볶음밥','밥류',8000),(291,9,'특밥','밥류',9000),(292,9,'유산슬밥','밥류',11000),(293,9,'잡탕밥','밥류',12000),(294,9,'해삼탕밥','밥류',12000),(295,9,'등심탕수육(대)','요리류',25000),(296,9,'등심탕수육(중)','요리류',19000),(297,9,'등심탕수육(소)','요리류',14000),(298,9,'사천탕수육(대)','요리류',25000),(299,9,'사천탕수육(중)','요리류',19000),(300,9,'소고기탕수육(대)','요리류',30000),(301,9,'소고기탕수육(중)','요리류',24000),(302,9,'유린육(대)','요리류',25000),(303,9,'유린육(중)','요리류',20000),(304,9,'깐풍육(대)','요리류',25000),(305,9,'깐풍육(중)','요리류',20000),(306,9,'고추잡채(대)','요리류',25000),(307,9,'고추잡채(중)','요리류',20000),(308,9,'잡채(대)','요리류',20000),(309,9,'잡채(중)','요리류',15000),(310,9,'라조육(대)','요리류',25000),(311,9,'라조육(중)','요리류',20000),(312,9,'깐풍우육','요리류',30000),(313,9,'난자완스','요리류',25000),(314,9,'오향장육','요리류',30000),(315,9,'양장피(대)','요리류',30000),(316,9,'양장피(중)','요리류',22000),(317,9,'팔보채(대)','요리류',32000),(318,9,'팔보채(중)','요리류',27000),(319,9,'유산슬(대)','요리류',32000),(320,9,'유산슬(중)','요리류',27000),(321,9,'잡탕','요리류',32000),(322,9,'해삼탕','요리류',45000),(323,9,'해삼전복','요리류',45000),(324,9,'전가복','요리류',45000),(325,9,'송이전복','요리류',45000),(326,9,'송이해삼','요리류',45000),(327,9,'홍쇼샥스핀','요리류',35000),(328,9,'게살샥스핀','요리류',40000),(329,9,'게살샥스핀스프','요리류',25000),(330,9,'삼선누룽지탕','요리류',30000),(331,9,'토마토케찹새우(대)','요리류',33000),(332,9,'토마토케찹새우(중)','요리류',27000),(333,9,'크림새우(대)','요리류',33000),(334,9,'크림새우(중)','요리류',27000),(335,9,'깐쇼새우(대)','요리류',33000),(336,9,'깐쇼새우(중)','요리류',27000),(337,9,'깐쇼중새우','요리류',38000),(338,9,'깐풍새우(대)','요리류',33000),(339,9,'깐풍새우(중)','요리류',27000),(340,9,'깐풍중새우','요리류',38000),(341,9,'크림중새우','요리류',38000),(342,9,'해파리냉채','요리류',20000),(343,9,'삼풍냉채','요리류',30000),(344,9,'라조기(대)','요리류',25000),(345,9,'라조기(중)','요리류',20000),(346,9,'깐풍기(대)','요리류',25000),(347,9,'깐풍기(중)','요리류',20000),(348,9,'꽃빵1인분','사이드/기타',4000),(349,9,'군,물만두','사이드/기타',4000),(350,9,'계란탕','사이드/기타',12000),(351,9,'삼선탕','사이드/기타',12000),(352,10,'0 :탕수육+짜장2+만두+콜라','세트류',10000),(353,10,'1 :탕수육+짜장1+짬뽕1+만두+콜라','세트류',11000),(354,10,'2 :깐풍육+짜장2+만두+콜라','세트류',10000),(355,10,'3 :깐풍육+짜장1+짬뽕1+만두+콜라','세트류',11000),(356,10,'4 :깐풍기+짜장2+만두+콜라','세트류',17000),(357,10,'5 :깐풍기+짜장1+짬뽕1+만두+콜라','세트류',17000),(358,10,'6 :탕수육+쟁반짜장+짬뽕+군or물만두중택1','세트류',21000),(359,10,'7 :양장피+쟁반짜장+짬뽕+군or물만두중택1','세트류',23000),(360,10,'8 :깐풍기+쟁반짜장+짬뽕+군or물만두중택1','세트류',23000),(361,10,'9 :팔보채+쟁반짜장+짬뽕+군or물만두중택1','세트류',26000),(362,10,'매운짬뽕','면류',6000),(363,10,'고추짬뽕','면류',7000),(364,10,'홍합짬뽕','면류',7000),(365,10,'탕짜(짬)면','면류',7000),(366,10,'탕볶밥','면류',7500),(367,10,'볶음짬뽕','면류',6000),(368,10,'굴짬뽕','면류',7000),(369,10,'쟁반짜장(1인)','면류',5500),(370,10,'쟁반짜장(2인)','면류',11000),(371,10,'짜장','면류',4500),(372,10,'짬뽕','면류',5000),(373,10,'울면','면류',5000),(374,10,'우동','면류',5000),(375,10,'간짜장','면류',5000),(376,10,'유니짜장','면류',6000),(377,10,'삼선간짜장','면류',7000),(378,10,'삼성짬뽕','면류',7000),(379,10,'삼선우동','면류',7000),(380,10,'삼선울면','면류',7000),(381,10,'기스면','면류',7000),(382,10,'누룽지탕','면류',8000),(383,10,'떡볶이쟁반짜장','면류',6000),(384,10,'떡볶이볶음짬뽕','면류',6500),(385,10,'볶음밥','밥류',5500),(386,10,'짬뽕밥','밥류',5500),(387,10,'짜장밥','밥류',5500),(388,10,'김치볶음밥','밥류',6000),(389,10,'잡채밥','밥류',6500),(390,10,'새우볶음밥','밥류',7000),(391,10,'삼선볶음밥','밥류',7000),(392,10,'고추잡채밥','밥류',7000),(393,10,'마파두부밥','밥류',7000),(394,10,'금룡정식','밥류',12000),(395,10,'유산슬밥','밥류',12000),(396,10,'잡탕밥','밥류',12000),(397,10,'사품냉채','요리류',46000),(398,10,'삼풍냉채','요리류',36000),(399,10,'이품냉채','요리류',31000),(400,10,'해파리냉채','요리류',26000),(401,10,'해삼과자연송이','요리류',51000),(402,10,'해삼탕','요리류',45000),(403,10,'라조새우','요리류',32000),(404,10,'깐쇼새우','요리류',32000),(405,10,'새우와자연송이','요리류',51000),(406,10,'소고기탕수육','요리류',25000),(407,10,'소고기튀김','요리류',25000),(408,10,'부추잡채','요리류',26000),(409,10,'당면잡채','요리류',12000),(410,10,'마파두부','요리류',16000),(411,10,'양장피','요리류',28000),(412,10,'난자완스','요리류',30000),(413,10,'탕수육','요리류',17000),(414,10,'사천탕수육','요리류',22000),(415,10,'라조기','요리류',25000),(416,10,'라조육','요리류',25000),(417,10,'깐풍기','요리류',25000),(418,10,'깐풍육','요리류',25000),(419,10,'새우와두부','요리류',36000),(420,10,'자연송시와죽순','요리류',51000),(421,10,'동고버섯과죽순','요리류',46000),(422,10,'고추잡채','요리류',25000),(423,10,'유산슬','요리류',32000),(424,10,'팔보채','요리류',28000),(425,10,'잡탕','요리류',28000),(426,10,'전가복','요리류',51000),(427,10,'샥스핀','요리류',51000),(428,10,'돈까스정식','사이드/기타',6500),(429,10,'10 :탕수육or깐풍육+볶음짬뽕2인+콜라','세트류',21000),(430,11,'탕수육+쟁반짜장1인or볶음짬뽕1인','세트류',13000),(431,11,'탕수육+짜장면+짬뽕+사천만두','세트류',15000),(432,11,'탕수육+짜장면2+사천만두','세트류',15000),(433,11,'탕수육+짬뽕2+사천만두','세트류',16000),(434,11,'탕수육+쟁반짜장2인+사천만두','세트류',18000),(435,11,'탕수육+볶음짬뽕2인+사천만두','세트류',18000),(436,11,'깐풍기+짜장면+짬뽕+사천만두','세트류',18000),(437,11,'깐풍기+짜장면2+사천만두','세트류',18000),(438,11,'깐풍기+짬뽕2+사천만두','세트류',19000),(439,11,'깐풍기+쟁반짜장2인+사천만두','세트류',21000),(440,11,'깐풍기+볶음짬뽕2인+사천만두','세트류',21000),(441,11,'깐풍육+짜장면+짬뽕+사천만두','세트류',15000),(442,11,'깐풍육+짜장면2+사천만두','세트류',15000),(443,11,'깐풍육+쟁반짜장2인+사천만두','세트류',16000),(444,11,'깐풍육+쟁반짜장2인+사천만두','세트류',18000),(445,11,'깐풍육+볶음짬뽕2인+사천만두','세트류',18000),(446,11,'양장피+짜장면+짬뽕+사천만두','세트류',23000),(447,11,'양장피+짜장면2+사천만두','세트류',23000),(448,11,'양장피+짬뽕2+사천만두','세트류',24000),(449,11,'양장피+쟁반짜장2인+사천만두','세트류',26000),(450,11,'양장피+볶음짬뽕2인+사천만두','세트류',26000),(451,11,'탕수육+볶음밥2','세트류',17000),(452,11,'탕수육+잡채밥2','세트류',17000),(453,11,'탕수육+짬뽕밥2','세트류',17000),(454,11,'탕수육+짜장밥2','세트류',17000),(455,11,'탕수육+새우볶음밥2','세트류',18000),(456,11,'탕수육+짜장1','세트류',10000),(457,11,'탕수육+짬뽕1','세트류',10000),(458,11,'A코스:양장피+탕수육+고추잡채','세트류',35000),(459,11,'B코스:양장피+탕수육+잡탕+유산슬','세트류',50000),(460,11,'C코스:양장피+탕수육+고추잡채+깐풍기+삼선누룽지탕','세트류',70000),(461,11,'D코스:양장피+팔보채+깐쇼채우+고추잡채+깐풍기+유산슬','세트류',90000),(462,11,'꽃게짬뽕','면류',7000),(463,11,'콩나물짬뽕','면류',7000),(464,11,'낙지짬뽕','면류',8000),(465,11,'쟁반짜장','면류',6000),(466,11,'볶음짬뽕','면류',6000),(467,11,'불짜장면','면류',6000),(468,11,'짜장면','면류',4500),(469,11,'간짜장','면류',5000),(470,11,'짬뽕','면류',5000),(471,11,'우동','면류',5000),(472,11,'울면','면류',5000),(473,11,'물냉면','면류',5000),(474,11,'비빔냉면','면류',5000),(475,11,'굴짬뽕','면류',6000),(476,11,'기스면','면류',6000),(477,11,'유니짜장','면류',6000),(478,11,'사천짜장','면류',6000),(479,11,'삼선간짜장','면류',7000),(480,11,'홍합짬뽕','면류',7000),(481,11,'삼선짬뽕','면류',7000),(482,11,'낙지짬뽕','면류',8000),(483,11,'삼선울면','면류',7000),(484,11,'누룽지탕','면류',10000),(485,11,'물냉면','면류',5000),(486,11,'비빔냉면','면류',5000),(487,11,'콩국수','면류',6000),(488,11,'육개장','밥류',6000),(489,11,'갈비탕','밥류',6000),(490,11,'볶음밥','밥류',5500),(491,11,'짬뽕밥','밥류',5500),(492,11,'짜장밥','밥류',5500),(493,11,'김치볶음밥','밥류',6000),(494,11,'오므라이스','밥류',6000),(495,11,'김치덮밥','밥류',6000),(496,11,'송이덮밥','밥류',6000),(497,11,'제육덮밥','밥류',6000),(498,11,'잡채밥','밥류',6000),(499,11,'고추잡채밥','밥류',7000),(500,11,'소고기잡채밥','밥류',7000),(501,11,'소고기덮밥','밥류',7000),(502,11,'오징어덮밥','밥류',7000),(503,11,'김치제육덮밥','밥류',7000),(504,11,'삼선볶음밥','밥류',7000),(505,11,'새우볶음밥','밥류',7000),(506,11,'마파두부밥','밥류',7000),(507,11,'북경특밥','밥류',7000),(508,11,'삼선고추짬뽕밥','밥류',8000),(509,11,'유산슬밥','밥류',11000),(510,11,'잡탕밥','밥류',11000),(511,11,'탕수육소','요리류',13000),(512,11,'탕수육중','요리류',16000),(513,11,'탕수육대','요리류',23000),(514,11,'칠리탕수육소','요리류',15000),(515,11,'칠리탕수육중','요리류',18000),(516,11,'과일탕수육소','요리류',15000),(517,11,'과일탕수육중','요리류',18000),(518,11,'사천탕수육소','요리류',15000),(519,11,'사천탕수육중','요리류',20000),(520,11,'깐풍육소','요리류',18000),(521,11,'깐풍육중','요리류',23000),(522,11,'깐풍기소','요리류',18000),(523,11,'깐풍기중','요리류',23000),(524,11,'라조기소','요리류',18000),(525,11,'라조기중','요리류',23000),(526,11,'라조육소','요리류',18000),(527,11,'라조육중','요리류',23000),(528,11,'고추잡채소','요리류',18000),(529,11,'고추잡채중','요리류',23000),(530,11,'소고기잡채소','요리류',20000),(531,11,'소고기잡채중','요리류',25000),(532,11,'소고기탕수육소','요리류',20000),(533,11,'소고기탕수육중','요리류',25000),(534,11,'해파리냉채소','요리류',20000),(535,11,'해파리냉채중','요리류',25000),(536,11,'난자완스소','요리류',20000),(537,11,'난자완스중','요리류',25000),(538,11,'양장피소','요리류',20000),(539,11,'양장피중','요리류',25000),(540,11,'팔보채소','요리류',20000),(541,11,'팔보채중','요리류',25000),(542,11,'잡탕소','요리류',20000),(543,11,'잡탕중','요리류',25000),(544,11,'유산슬소','요리류',25000),(545,11,'유산슬중','요리류',30000),(546,11,'깐쇼새우소','요리류',25000),(547,11,'깐쇼새우중','요리류',30000),(548,11,'깐풍새우소','요리류',25000),(549,11,'깐풍새우중','요리류',30000),(550,11,'삼선누룽지탕소','요리류',25000),(551,11,'삼선누룽지탕중','요리류',30000),(552,11,'삼풍냉채','요리류',35000),(553,11,'해삼탕','요리류',40000),(554,11,'해삼쥬스','요리류',40000),(555,11,'전가복','요리류',50000),(556,11,'죽순전복','요리류',50000),(557,11,'송이전복','요리류',50000),(558,11,'샥스핀','요리류',50000),(559,11,'짬짜면','사이드/기타',6000),(560,11,'볶짜면','사이드/기타',6000),(561,11,'볶짬면','사이드/기타',6000),(562,11,'탕짜면','사이드/기타',7000),(563,11,'탕짬면','사이드/기타',7000),(564,11,'탕볶밥','사이드/기타',7000),(565,11,'군만두/물만두','사이드/기타',4000),(566,11,'사천만두','사이드/기타',5000),(567,11,'(떡)만두국','사이드/기타',6000),(568,11,'월요콩나물짬뽕','요일별특식',5500),(569,11,'화요잡채밥','요일별특식',5500),(570,11,'수요마파밥','요일별특식',5500),(571,11,'목요송이밥','요일별특식',5500),(572,11,'금요삼선볶음밥','요일별특식',5500),(573,12,'강력추천)탕수육or깐풍육or사천탕수육+짜장1','세트류',11000),(574,12,'세트0)탕수육or깐풍육or사천탕수육+짜장2+만두','세트류',14000),(575,12,'세트1)탕수육or깐풍육or사천탕수육+짜장+짬뽕+만두','세트류',15000),(576,12,'세트2)탕수육or깐풍육or사천탕수육+짜장+쟁반짜장+만두','세트류',16000),(577,12,'세트3)탕수육or깐풍육or사천탕수육+쟁반짜장2+만두','세트류',18000),(578,12,'세트4)탕수육or깐풍육or사천탕수육+볶음밥2+만두','세트류',18000),(579,12,'세트5)깐풍기+짜장2+만두','세트류',17000),(580,12,'세트6)양장피+짜장2+만두','세트류',23000),(581,12,'A코스)탕수육+양장피+만두+짬뽕국물','세트류',35000),(582,12,'B코스)양장피+사천탕수육+만두+짬뽕국물','세트류',35000),(583,12,'C코스)탕수육+고추잠채+만두+짬뽕국물','세트류',35000),(584,12,'깐풍육정식','세트류',7000),(585,12,'탕수육정식','세트류',7000),(586,12,'왕쟁반짜장(2,3인분)+공기밥','세트류',13000),(587,12,'왕쟁반짬뽕(2,3인분)+공기밥','세트류',13000),(588,12,'짜장','면류',4500),(589,12,'우동','면류',5000),(590,12,'짬뽕','면류',5000),(591,12,'간짜장','면류',5000),(592,12,'울면','면류',5000),(593,12,'쟁반짜장','면류',5500),(594,12,'불짜장','면류',5500),(595,12,'불짬뽕','면류',5500),(596,12,'볶음짬뽕','면류',6000),(597,12,'대연각특면','면류',6000),(598,12,'굴짬뽕','면류',6000),(599,12,'삼선짬뽕','면류',7000),(600,12,'삼선간짜장','면류',6500),(601,12,'삼선우동','면류',7000),(602,12,'삼선울면','면류',7000),(603,12,'기스면','면류',7000),(604,12,'홍합짬뽕','면류',6000),(605,12,'굴짬뽕','면류',6000),(606,12,'볶음짬뽕','면류',6000),(607,12,'불타는짬뽕','면류',5500),(608,12,'불타는짜장','면류',5500),(609,12,'볶음밥','밥류',5500),(610,12,'짜장밥','밥류',5500),(611,12,'짬뽕밥','밥류',5500),(612,12,'오므라이스','밥류',6000),(613,12,'김치볶음밥','밥류',6000),(614,12,'오징어덮밥','밥류',6000),(615,12,'잡채밥','밥류',6500),(616,12,'삼선볶음밥','밥류',7000),(617,12,'새우볶음밥','밥류',7000),(618,12,'삼선짬봉밥','밥류',7000),(619,12,'송이밥','밥류',7000),(620,12,'마파두부밥','밥류',7000),(621,12,'대연각특밥','밥류',7000),(622,12,'제육덮밥','밥류',7000),(623,12,'고추잡채밥','밥류',7000),(624,12,'유산슬밥','밥류',12000),(625,12,'잡탕밥','밥류',12000),(626,12,'탕수육大','요리류',21000),(627,12,'탕수육中','요리류',16000),(628,12,'탕수육小','요리류',13000),(629,12,'계란탕','요리류',10000),(630,12,'잡채밥','요리류',13000),(631,12,'오징어탕수육','요리류',20000),(632,12,'마파두부밥','요리류',15000),(633,12,'사천탕수육정식','요리류',20000),(634,12,'소고기탕수육','요리류',25000),(635,12,'소고기잡채','요리류',20000),(636,12,'라조육','요리류',22000),(637,12,'라조기','요리류',22000),(638,12,'깐풍육','요리류',20000),(639,12,'깐풍기','요리류',22000),(640,12,'고추잡채밥','요리류',22000),(641,12,'난자완스','요리류',20000),(642,12,'양장피','요리류',25000),(643,12,'잡탕밥','요리류',27000),(644,12,'팔보채','요리류',27000),(645,12,'새우튀김','요리류',27000),(646,12,'유산슬','요리류',27000),(647,12,'깐쇼새우','요리류',30000),(648,12,'해파리냉채','요리류',18000),(649,12,'삼선술국','요리류',12000),(650,12,'짬짜면','사이드/기타',5500),(651,12,'볶자면','사이드/기타',6000),(652,12,'볶짬면','사이드/기타',6000),(653,12,'탕짜면','사이드/기타',7000),(654,12,'탕볶밥','사이드/기타',7500),(655,12,'돈까스정식','사이드/기타',7000),(656,12,'군만두','사이드/기타',4000),(657,12,'육개장','사이드/기타',5500),(658,12,'설렁탕','사이드/기타',5500),(659,12,'갈비탕','사이드/기타',5500),(660,12,'요일메뉴)월요일-삼선볶음밥,탕짜면','요일별특식',5500),(661,12,'요일메뉴)화요일-고추잡채밥,탕짬면','요일별특식',5500),(662,12,'요일메뉴)수요일-해물특밥,탕볶밥','요일별특식',5500),(663,12,'요일메뉴)목요일-마파두부밥,볶짬면','요일별특식',5500),(664,12,'요일메뉴)금요일-새우볶음밥,볶짜면','요일별특식',5500),(665,13,'고급짜장','면류',8000),(666,13,'고급짬뽕','면류',10000),(667,13,'토이엔짜장','면류',5000),(668,13,'고추짜장','면류',6000),(669,13,'미치도록매운짜장','면류',7000),(670,13,'쟁반짜장','면류',6000),(671,13,'토이엔짬뽕','면류',6000),(672,13,'토이엔하얀짬뽕','면류',6000),(673,13,'토이엔볶음짬뽕','면류',7000),(674,13,'미치도록매운짬뽕','면류',7000),(675,13,'홍굴이짬뽕','면류',8000),(676,13,'토이엔굴짬뽕','면류',7000),(677,13,'토이엔우동','면류',6000),(678,13,'기스면','면류',6000),(679,13,'토이엔특선면','면류',7000),(680,13,'우육탕면','면류',8000),(681,13,'토이엔볶음밥','밥류',5000),(682,13,'삼선볶음밥','밥류',8000),(683,13,'새우볶음밥','밥류',7000),(684,13,'게살볶음밥','밥류',7000),(685,13,'닭고기볶음밥','밥류',7000),(686,13,'소고기잡채밥','밥류',6000),(687,13,'소고기마파두부밥','밥류',6000),(688,13,'소고기고추잡채밥','밥류',8000),(689,13,'토이엔특선밥','밥류',8000),(690,13,'송이덮밥','밥류',7000),(691,13,'유산슬밥','밥류',12000),(692,13,'잡탕밥','밥류',12000),(693,13,'누룽지탕식사','밥류',10000),(694,13,'짬뽕밥','밥류',6000),(695,13,'군만두','만두류',4000),(696,13,'물만두','만두류',4000),(697,13,'탕수육','돼지고기',14000),(698,13,'옛날탕수육','돼지고기',14000),(699,13,'광동탕수육','돼지고기',16000),(700,13,'사천탕수육','돼지고기',16000),(701,13,'찹쌀탕수육','돼지고기',16000),(702,13,'미치도록매운탕수육','돼지고기',17000),(703,13,'유린육','돼지고기',17000),(704,13,'전가복','해물잡품류',40000),(705,13,'양장피','해물잡품류',22000),(706,13,'유산슬','해물잡품류',30000),(707,13,'팔보채','해물잡품류',30000),(708,13,'오향장육','해물잡품류',25000),(709,13,'해파리냉채','해물잡품류',20000),(710,13,'세가지냉채','해물잡품류',30000),(711,13,'다섯가지냉채','해물잡품류',50000),(712,13,'특해물누룽지탕','해물잡품류',30000),(713,13,'소고기탕수육','소고기류',20000),(714,13,'소고기탕면잡채','소고기류',20000),(715,13,'소고기고추잡채','소고기류',25000),(716,13,'부추잡채','소고기류',25000),(717,13,'난자완스','소고기류',25000),(718,13,'깐풍기','닭고기류',20000),(719,13,'유린기','닭고기류',20000),(720,13,'라조기','닭고기류',20000),(721,13,'오렌지치킨탕수육','닭고기류',18000),(722,13,'매운고추닭고기볶음','닭고기류',20000),(723,13,'깐풍새우','새우류',25000),(724,13,'깐풍중새우','새우류',28000),(725,13,'작은새우칠리소스','새우류',25000),(726,13,'작은새우크림소스','새우류',25000),(727,13,'중새우칠리소스','새우류',28000),(728,13,'중새우크림소스','새우류',28000),(729,13,'왕새우칠리소스','새우류',33000),(730,13,'왕새우크림소스','새우류',33000),(731,13,'홍쇼관자','고급요리',45000),(732,13,'마라관자','고급요리',45000),(733,13,'전가복','고급요리',40000),(734,13,'송이전복','고급요리',50000),(735,13,'송이관자','고급요리',50000),(736,13,'송이볶음','고급요리',60000),(737,13,'모듬야채','고급요리',30000),(738,13,'어향도구','고급요리',40000),(739,13,'홍쇼쥬스','고급요리',30000),(740,13,'동파육','고급요리',30000),(741,13,'오룡해삼','고급요리',50000),(742,13,'홍쇼복살','고급요리',40000),(743,13,'마라복살','고급요리',40000),(744,13,'라조목살','고급요리',40000),(745,13,'옥수수스프','스프/탕류',10000),(746,13,'게살스프','스프/탕류',15000),(747,13,'새우완자탕','스프/탕류',15000),(748,13,'삼선술국','스프/탕류',12000),(749,13,'홍굴이탕','스프/탕류',12000),(750,13,'짬짜면','한그릇 두가지맛',6000),(751,13,'볶짜면','한그릇 두가지맛',7000),(752,13,'볶짬면','한그릇 두가지맛',7000),(753,13,'탕짜면','한그릇 두가지맛',8000),(754,13,'탕짬면','한그릇 두가지맛',8000),(755,13,'탕볶밥','한그릇 두가지맛',8000),(756,13,'탕수육+짜장1','셋트메뉴',14000),(757,13,'탕수육+짜장2','셋트메뉴',18000),(758,13,'탕수육+짬뽕1','셋트메뉴',15000),(759,13,'탕수육+짜장1+짬뽕1','셋트메뉴',19000),(760,13,'탕수육+짬뽕2','셋트메뉴',20000),(761,13,'탕수육+쟁반짜장2인','셋트메뉴',22000),(762,13,'깐풍기+짜장1','셋트메뉴',20000),(763,13,'깐풍기+짜장2','셋트메뉴',24000),(764,13,'깐풍기+짱뽕1','셋트메뉴',21000),(765,13,'깐풍기+짜장1+짬뽕1','셋트메뉴',25000),(766,13,'깐풍기+짬뽕2','셋트메뉴',26000),(767,13,'깐풍기+쟁반짜장2인','셋트메뉴',28000),(768,13,'양장피+짜장1','셋트메뉴',22000),(769,13,'양장피+짜장2','셋트메뉴',26000),(770,13,'양장피+짬뽕1','셋트메뉴',23000),(771,13,'양장피+짜장1+짬뽕1','셋트메뉴',27000),(772,13,'양장피+짬뽕2','셋트메뉴',28000),(773,13,'양장피+쟁반짜장2인','셋트메뉴',30000),(774,13,'고추잡채+짜장1','셋트메뉴',22000),(775,13,'고추잡채+짜장2','셋트메뉴',26000),(776,13,'고추잡채+짬뽕1','셋트메뉴',23000),(777,13,'고추잡채+짜장1+짬뽕1','셋트메뉴',27000),(778,13,'고추잡채+짬뽕2','셋트메뉴',28000),(779,13,'고추잡채+쟁반짜장2인','셋트메뉴',30000),(780,13,'팔보채+짜장1','셋트메뉴',26000),(781,13,'팔보채+짜장2','셋트메뉴',30000),(782,13,'팔보채+짬뽕1','셋트메뉴',27000),(783,13,'팔보채+짜장1+짬뽕1','셋트메뉴',31000),(784,13,'팔보채+짬뽕2','셋트메뉴',32000),(785,13,'팔보채+쟁반짜장2인','셋트메뉴',34000),(786,13,'(깐쇼/깐풍/크림)새우+짜장1','셋트메뉴',25000),(787,13,'(깐쇼/깐풍/크림)새우+짜장2','셋트메뉴',29000),(788,13,'(깐쇼/깐풍/크림)새우+짬뽕1','셋트메뉴',26000),(789,13,'(깐쇼/깐풍/크림)새우+짜장1+짬뽕1','셋트메뉴',30000),(790,13,'(깐쇼/깐풍/크림)새우+짬뽕2','셋트메뉴',31000),(791,13,'(깐쇼/깐풍/크림)새우+쟁반짜장2인','셋트메뉴',33000),(792,13,'A 코스:양장피+유산슬+탕수육+소고기고추잡채+꽃빵+만두','코스요리',70000),(793,13,'B 코스:세가지냉채+팔보채+작은새우칠리소스+동파육+소고기고추&부추잡채+꽃빵','코스요리',150000),(794,13,'C 코스:다섯가지냉채(특냉채)+샥스핀+전복송이+중새우+동파육+마라관자+소고기고추&','코스요리',250000),(795,13,'육개장','한식부',6000),(796,13,'갈비탕','한식부',6000),(797,13,'내장탕','한식부',6000),(798,13,'제육덮밥','한식부',6000),(799,13,'오징어덮밥','한식부',6000),(800,13,'냉짬뽕','여름메뉴',8000),(801,13,'중국냉면','여름메뉴',8000),(802,13,'물냉면','여름메뉴',6000),(803,13,'비빔냉면','여름메뉴',6000),(804,14,'짜장면','면류',4500),(805,14,'간짜장','면류',5000),(806,14,'짬뽕','면류',5000),(807,14,'우동','면류',5000),(808,14,'울면','면류',5000),(809,14,'볶짜면','면류',5500),(810,14,'볶짬면','면류',5500),(811,14,'탕짜면','면류',5500),(812,14,'탕짬면','면류',5500),(813,14,'탕볶밥','밥류',5500),(814,14,'볶음밥','밥류',5500),(815,14,'짜장밥','밥류',5500),(816,14,'짬뽕밥','밥류',5500),(817,14,'탕수육 小','요리류',12000),(818,14,'탕수육 中','요리류',16000),(819,14,'탕수육 大','요리류',21000),(820,14,'세트0:탕수육+짜장2+만두+콜라','세트류',10000),(821,14,'세트1.깐풍육+짜장2+만두+콜라','세트류',10000),(822,15,'은지향짜장','식사류(면류)',5000),(823,15,'은지향짬뽕','식사류(면류)',6000),(824,15,'매콤은지향짜장','식사류(면류)',5000),(825,15,'하얀짬뽕','식사류(면류)',6000),(826,15,'특삼선짜장','식사류(면류)',7000),(827,15,'특삼선짬뽕','식사류(면류)',8000),(828,15,'특삼선우동','식사류(면류)',8000),(829,15,'쟁반짜장','식사류(면류)',6000),(830,15,'광동볶음짬뽕','식사류(면류)',6000),(831,15,'굴짬뽕','식사류(면류)',7000),(832,15,'은지향우동','식사류(면류)',6000),(833,15,'은지향울면','식사류(면류)',6000),(834,15,'기스면','식사류(면류)',6000),(835,15,'우육탕면','식사류(면류)',8000),(836,15,'은지향 특선면','식사류(면류)',7000),(837,15,'꽃빵','식사류(면류)',4000),(838,15,'군만두','식사류(면류)',4000),(839,15,'물만두','식사류(면류)',4000),(840,15,'볶음밥','식사류(밥류)',5000),(841,15,'특삼선볶음밥','식사류(밥류)',8000),(842,15,'김치볶음밥','식사류(밥류)',6000),(843,15,'새우볶음밥','식사류(밥류)',7000),(844,15,'게살볶음밥','식사류(밥류)',7000),(845,15,'닭고기볶음밥','식사류(밥류)',7000),(846,15,'짬뽕밥','식사류(밥류)',6000),(847,15,'잡채밥','식사류(밥류)',6000),(848,15,'마파두부밥','식사류(밥류)',6000),(849,15,'고추잡채밥','식사류(밥류)',8000),(850,15,'유산슬밥','식사류(밥류)',12000),(851,15,'잡탕밥','식사류(밥류)',12000),(852,15,'은지향특선밥','식사류(밥류)',8000),(853,15,'육개장','식사류(밥류)',6000),(854,15,'갈비탕','식사류(밥류)',6000),(855,15,'소내장탕','식사류(밥류)',6000),(856,15,'옥수수스프(소)','스프류',6000),(857,15,'옥수수스프(대)','스프류',10000),(858,15,'게살스프(소)','스프류',10000),(859,15,'게살스프(대)','스프류',15000),(860,15,'새우완자탕(소)','스프류',10000),(861,15,'새우완자탕(대)','스프류',15000),(862,15,'탕수육(소)','돼지고기류',13000),(863,15,'탕수육(중)','돼지고기류',18000),(864,15,'탕수육(대)','돼지고기류',23000),(865,15,'옛날탕수육(소)','돼지고기류',13000),(866,15,'옛날탕수육(중)','돼지고기류',18000),(867,15,'옛날탕수육(대)','돼지고기류',23000),(868,15,'광동매콤탕수육(소)','돼지고기류',16000),(869,15,'광동매콤탕수육(중)','돼지고기류',20000),(870,15,'광동매콤탕수육(대)','돼지고기류',29000),(871,15,'굴소스삼겹살찜(소)','돼지고기류',25000),(872,15,'굴소스삼겹살찜(대)','돼지고기류',35000),(873,15,'난자완스(소)','소고기류',25000),(874,15,'난자완스(대)','소고기류',35000),(875,15,'소고기탕수육(소)','소고기류',20000),(876,15,'소고기탕수육(대)','소고기류',30000),(877,15,'고추잡채(소)','소고기류',25000),(878,15,'고추잡채(대)','소고기류',35000),(879,15,'당면잡채(소)','소고기류',20000),(880,15,'당면잡채(대)','소고기류',30000),(881,15,'부추잡채(소)','소고기류',25000),(882,15,'부추잡채(대)','소고기류',35000),(883,15,'깐풍기(소)','닭고기류',20000),(884,15,'깐풍기(대)','닭고기류',30000),(885,15,'유린기(소)','닭고기류',20000),(886,15,'유린기(대)','닭고기류',30000),(887,15,'라조기(소)','닭고기류',20000),(888,15,'라조기(대)','닭고기류',30000),(889,15,'오렌지치킨탕수육(소)','닭고기류',18000),(890,15,'오렌지치킨탕수육(대)','닭고기류',25000),(891,15,'매운고추닭고기볶음(소)','닭고기류',20000),(892,15,'매운고추닭고기볶음(대)','닭고기류',30000),(893,15,'홍콩식매운닭고기(소)','닭고기류',20000),(894,15,'홍콩식매운닭고기(대)','닭고기류',30000),(895,15,'작은새우칠리소스(소)','새우와게살',25000),(896,15,'작은새우칠리소스(대)','새우와게살',35000),(897,15,'작은새우크림소스(소)','새우와게살',25000),(898,15,'작은새우크림소스(대)','새우와게살',35000),(899,15,'중새우칠리소스(소)','새우와게살',25000),(900,15,'중새우칠리소스(대)','새우와게살',35000),(901,15,'중새우크림소스(소)','새우와게살',25000),(902,15,'중새우크림소스(대)','새우와게살',35000),(903,15,'왕새우칠리소스(소)','새우와게살',35000),(904,15,'왕새우칠리소스(대)','새우와게살',45000),(905,15,'왕새우크림소스(소)','새우와게살',35000),(906,15,'왕새우크림소스(대)','새우와게살',45000),(907,15,'게살칠리소스(소)','새우와게살',30000),(908,15,'게살칠리소스(대)','새우와게살',30000),(909,15,'게살크림소스(소)','새우와게살',30000),(910,15,'게살크림소스(대)','새우와게살',40000),(911,15,'해물누룽지탕(소)','해물잡품류',30000),(912,15,'해물누룽지탕(대)','해물잡품류',40000),(913,15,'전가복(소)','해물잡품류',40000),(914,15,'전가복(대)','해물잡품류',55000),(915,15,'양장피(소)','해물잡품류',22000),(916,15,'양장피(대)','해물잡품류',35000),(917,15,'유산슬(소)','해물잡품류',30000),(918,15,'유산슬(대)','해물잡품류',43000),(919,15,'팔보채(소)','해물잡품류',30000),(920,15,'팔보채(대)','해물잡품류',43000),(921,15,'오항장육(소)','해물잡품류',25000),(922,15,'오항장육(대)','해물잡품류',35000),(923,15,'해파리냉채(소)','해물잡품류',20000),(924,15,'해파리냉채(대)','해물잡품류',30000),(925,15,'세가지냉채(소)','해물잡품류',25000),(926,15,'세가지냉채(대)','해물잡품류',35000),(927,15,'다섯가지냉채(소)','해물잡품류',35000),(928,15,'다섯가지냉채(대)','해물잡품류',45000),(929,15,'콩국수','여름특선',6000),(930,15,'물냉면','여름특선',6000),(931,15,'비빔냉면','여름특선',6000),(932,15,'중국냉면','여름특선',8000),(933,15,'짬짜면','두가지 요리를 동시에!',6000),(934,15,'볶짬면','두가지 요리를 동시에!',7000),(935,15,'볶짜면','두가지 요리를 동시에!',7000),(936,15,'탕짜면','두가지 요리를 동시에!',8000),(937,15,'탕짬면','두가지 요리를 동시에!',8000),(938,15,'탕볶밥','두가지 요리를 동시에!',8000),(939,15,'탕수육+짜장2개','세트메뉴',18000),(940,15,'깐쇼새우+짜장2개','세트메뉴',23000),(941,15,'깐풍기+짜장2개','세트메뉴',23000),(942,15,'양장피+짜장2개','세트메뉴',23000),(943,15,'팔보채+짜장2개','세트메뉴',23000),(944,16,'깐풍육+짜장2+콜라','한양사랑 캠퍼스세트',15000),(945,16,'0번) 탕수육+짜장1+콜라','세트메뉴',12000),(946,16,'1번) 탕수육+짜장2+콜라','세트메뉴',14000),(947,16,'2번) 탕수육+짜장+짬뽕+콜라','세트메뉴',15000),(948,16,'3번) 탕수육+쟁반짜장2+콜라','세트메뉴',18000),(949,16,'4번) 탕수육+볶음짬뽕2+콜라','세트메뉴',18000),(950,16,'5번) 깐풍기+짬뽕+짜장+콜라','세트메뉴',22000),(951,16,'6번) 탕수육+볶음밥2+콜라','세트메뉴',18000),(952,16,'7번) 깐풍기+쟁반짜장+콜라','세트메뉴',25000),(953,16,'8번) 고추잡채+쟁반짜장2+콜라','세트메뉴',25000),(954,16,'9번) 양장피+쟁반짜장2+콜라','세트메뉴',25000),(955,16,'10번) 깐풍기+쟁반짜장2+콜라','세트메뉴',25000),(956,16,'쟁반짜장 왕대(3인)','특별메뉴',15000),(957,16,'볶음짬뽕 왕대(3인)','특별메뉴',15000),(958,16,'갈비탕','계절메뉴',6000),(959,16,'육개장','계절메뉴',6000),(960,16,'콩국수','계절메뉴',6000),(961,16,'냉면','계절메뉴',6000),(962,16,'냉국수','계절메뉴',6000),(963,16,'비빔국수','계절메뉴',6000),(964,16,'짜장면','식사메뉴',4500),(965,16,'우동','식사메뉴',5000),(966,16,'짬뽕','식사메뉴',5000),(967,16,'울면','식사메뉴',5000),(968,16,'간짜장','식사메뉴',5000),(969,16,'볶음밥','식사메뉴',5500),(970,16,'짬뽕밥','식사메뉴',5500),(971,16,'김치볶음밤','식사메뉴',6000),(972,16,'짜장밥','식사메뉴',5500),(973,16,'쟁반짜장','식사메뉴',6000),(974,16,'볶음짬뽕','식사메뉴',6000),(975,16,'시온특면','식사메뉴',6000),(976,16,'기스면','식사메뉴',6000),(977,16,'유니짜장','식사메뉴',6000),(978,16,'삼선짜장','식사메뉴',6000),(979,16,'삼선우동','식사메뉴',6000),(980,16,'삼선짬뽕','식사메뉴',6000),(981,16,'삼선울면','식사메뉴',6000),(982,16,'고추짬뽕','식사메뉴',6000),(983,16,'삼선백짬뽕','식사메뉴',6000),(984,16,'군만두','식사메뉴',4000),(985,16,'물만두','식사메뉴',4000),(986,16,'오므라이스','식사메뉴',6000),(987,16,'잡채밥','식사메뉴',6000),(988,16,'송이밥','식사메뉴',7000),(989,16,'새우볶음밥','식사메뉴',7000),(990,16,'삼선짬뽕밥','식사메뉴',7000),(991,16,'삼선볶음밥','식사메뉴',7000),(992,16,'마파두부밥','식사메뉴',7000),(993,16,'고추잡채밥','식사메뉴',7000),(994,16,'시온특밥','식사메뉴',7000),(995,16,'유산슬밥','식사메뉴',12000),(996,16,'잡탕밥','식사메뉴',12000),(997,16,'탕수육小','요리부',12000),(998,16,'탕수육中','요리부',16000),(999,16,'탕수육大','요리부',21000),(1000,16,'소고기탕수육','요리부',25000),(1001,16,'사천탕수육','요리부',20000),(1002,16,'해삼탕','요리부',40000),(1003,16,'라조새우','요리부',40000),(1004,16,'깐쇼새우','요리부',30000),(1005,16,'라조기','요리부',22000),(1006,16,'라조풍','요리부',22000),(1007,16,'깐풍기','요리부',22000),(1008,16,'깐풍육','요리부',22000),(1009,16,'마파두부','요리부',15000),(1010,16,'고추잡채','요리부',23000),(1011,16,'부추잡채','요리부',23000),(1012,16,'유산슬','요리부',30000),(1013,16,'팔보채','요리부',27000),(1014,16,'잡탕','요리부',27000),(1015,16,'전가복','요리부',50000),(1016,16,'샥스핀','요리부',50000),(1017,16,'깐풍새우','요리부',30000),(1018,16,'당면잡채','요리부',15000),(1019,16,'양장피','요리부',25000),(1020,16,'난자완스','요리부',25000),(1021,16,'누룽지탕(中)','요리부',25000),(1022,16,'누룽지탕(小)','요리부',15000),(1023,16,'짬뽕국물','요리부',7000),(1024,16,'삼선짱뽕국물','요리부',10000),(1025,16,'A코스 탕수육+당면잡채+만두','코스요리',27000),(1026,16,'B코스 양장피+탕수육+만두','코스요리',37000),(1027,16,'C코스 팔보채+양장피+만두','코스요리',47000),(1028,16,'D코스 유산슬+고추잡채+탕수육+만두+이과주','코스요리',65000),(1029,17,'콤비네이션피자L','피자',10500),(1030,17,'콤비네이션피자R','피자',9000),(1031,17,'불고기피자L','피자',10500),(1032,17,'불고기피자R','피자',9000),(1033,17,'페페로니피자L','피자',10500),(1034,17,'페페로니피자R','피자',9000),(1035,17,'치즈피자L','피자',10500),(1036,17,'치즈피자R','피자',9000),(1037,17,'야채피자L','피자',10500),(1038,17,'야채피자R','피자',9000),(1039,17,'치즈크러스트피자L','피자',12000),(1040,17,'치즈크러스트피자R','피자',10000),(1041,17,'포테이토피자L','피자',13000),(1042,17,'포테이토피자R','피자',11000),(1043,17,'고구마피자L','피자',14000),(1044,17,'고구마피자R','피자',11500),(1045,17,'리치골드L','피자',14000),(1046,17,'리치골드R','피자',11500),(1047,17,'치즈바이트L','피자',14500),(1048,17,'치즈바이트R','피자',11500),(1049,17,'베이컨피자L','피자',13000),(1050,17,'베이컨피자R','피자',11000),(1051,17,'핫치킨피자L','피자',13000),(1052,17,'핫치킨피자R','피자',11000),(1053,18,'치즈크러스트추가','비고',3000),(1054,18,'워너달피자R+치즈떡볶이+치즈스파게티+양념반달감자+치킨텐더','히트박스',23900),(1055,18,'베이컨수프림L','스페셜피자',17900),(1056,18,'베이컨수프림R','스페셜피자',14900),(1057,18,'스위트골드L','스페셜피자',17900),(1058,18,'포테이토스페셜L','스페셜피자',17900),(1059,18,'포테이토스페셜R','스페셜피자',14900),(1060,18,'화이트갈릭L','스페셜피자',17900),(1061,18,'화이트갈릭R','스페셜피자',14900),(1062,18,'스페셜피자L 2판','스페셜피자',27900),(1063,18,'스페셜피자R 2판','스페셜피자',23900),(1064,18,'미트블라썸 L','프리미엄피자',25900),(1065,18,'미트블라썸 L 2판','프리미엄피자',38900),(1066,18,'미트소시지 L','프리미엄피자',23900),(1067,18,'미트소시지 L 2판','프리미엄피자',35900),(1068,18,'포테이토베이컨 L','프리미엄피자',22900),(1069,18,'포테이토베이컨 L 2판','프리미엄피자',34900),(1070,18,'씨푸드 L','프리미엄피자',24900),(1071,18,'씨푸드 L 2판','프리미엄피자',36900),(1072,18,'파스트라미 L','프리미엄피자',22900),(1073,18,'파스트라미 L 2판','프리미엄피자',34900),(1074,18,'핫 바비큐 L','프리미엄피자',23900),(1075,18,'핫 바비큐 L 2판','프리미엄피자',35900),(1076,18,'반반한피자(핫 바비큐+씨푸드)','프리미엄피자',23900),(1077,18,'반반한피자(핫 바비큐+씨푸드) 2판','프리미엄피자',35900),(1078,18,'반반한피자(포테이토베이컨+미트소시지)','프리미엄피자',23900),(1079,18,'반반한피자(포테이토베이컨+미트소시지) 2판','프리미엄피자',35900),(1080,18,'치즈피자L 1판','클래식피자',13900),(1081,18,'치즈피자L 2판','클래식피자',23900),(1082,18,'페페로니L 1판','클래식피자',13900),(1083,18,'페페로니L 2판','클래식피자',23900),(1084,18,'불고기피자L 1판','클래식피자',14900),(1085,18,'불고기피자L 2판','클래식피자',24900),(1086,18,'수퍼수프림L 1판','클래식피자',14900),(1087,18,'수퍼수프림L 2판','클래식피자',24900),(1088,18,'고구마L 1판','클래식피자',14900),(1089,18,'고구마L 2판','클래식피자',24900),(1090,18,'슈퍼콤비네이션L 1판','스폐셜피자',17900),(1091,18,'슈퍼콤비네이션L 2판','스폐셜피자',28900),(1092,18,'슈퍼고구마L 1판','스폐셜피자',17900),(1093,18,'슈퍼고구마L 2판','스폐셜피자',28900),(1094,18,'슈퍼불고기L 1판','스폐셜피자',17900),(1095,18,'슈퍼불고기L 2판','스폐셜피자',28900),(1096,18,'슈퍼바비큐L 1판','스폐셜피자',17900),(1097,18,'슈퍼바비큐L 2판','스폐셜피자',28900),(1098,18,'맵피자L 1판','스폐셜피자',18900),(1099,18,'맵피자L 2판','스폐셜피자',29900),(1100,18,'달피자L 1판','스폐셜피자',18900),(1101,18,'달피자L 2판','스폐셜피자',29900),(1102,18,'빠질 빠에야L 1판','하니퐁듀피자',24900),(1103,18,'빠질 빠에야L 2판','하니퐁듀피자',38900),(1104,18,'매울 빠에야L 1판','하니퐁듀피자',24900),(1105,18,'매울 빠에야L 2판','하니퐁듀피자',38900),(1106,18,'베이컨체다L 1판','하니퐁듀피자',21900),(1107,18,'갈릭쉬림프L 1판','하니퐁듀피자',21900),(1108,18,'핫치킨L 1판','하니퐁듀피자',21900),(1109,18,'반반한피자(핫바비큐+씨푸드)','반반한피자',23900),(1110,18,'반반한피자(포테이토베이컨+미트소시지)','반반한피자',23900),(1111,18,'반반한피자2판','반반한피자',35900),(1112,18,'콜로새우L','이탈리안스퀘어',20900),(1113,18,'치즈떡볶이','사이드메뉴',6000),(1114,18,'핫윙10EA','사이드메뉴',9000),(1115,18,'핫윙5EA','사이드메뉴',4500),(1116,18,'치킨텐더10EA','사이드메뉴',9000),(1117,18,'치킨텐더5EA','사이드메뉴',4500),(1118,18,'콘버터','사이드메뉴',4000),(1119,18,'갈릭디핑','사이드메뉴',500),(1120,18,'피클','사이드메뉴',300),(1121,18,'보르네즈스파게티','파스타&리조또',5000),(1122,18,'치즈스파게티','파스타&리조또',6000),(1123,18,'새우리조또','파스타&리조또',4500),(1124,18,'낙지리조또','파스타&리조또',5500),(1125,18,'콜라1.25L','음료',1600),(1126,18,'콜라500ml','음료',1000),(1127,19,'토핑추가XXXL','비고',4000),(1128,19,'토핑추가XXL','비고',3000),(1129,19,'토핑추가L','비고',2000),(1130,19,'치즈크러스트추가XXXL','비고',6000),(1131,19,'치즈크러스트추가XXL','비고',4000),(1132,19,'치즈크러스트추가L','비고',3000),(1133,19,'고구마피자XXXL','프리미엄피자',25900),(1134,19,'고구마피자XXL','프리미엄피자',21900),(1135,19,'고구마피자L','프리미엄피자',15900),(1136,19,'비프커리XXXL','프리미엄피자',25900),(1137,19,'비프커리XXL','프리미엄피자',21900),(1138,19,'비프커리L','프리미엄피자',15900),(1139,19,'치킨커리XXXL','프리미엄피자',25900),(1140,19,'치킨커리XXL','프리미엄피자',21900),(1141,19,'치킨커리L','프리미엄피자',15900),(1142,19,'치즈크러스트피자XXXL','프리미엄피자',29900),(1143,19,'치즈크러스트피자XXL','프리미엄피자',24900),(1144,19,'치즈크러스트피자L','프리미엄피자',17900),(1145,19,'치킨데리야키XXXL','프리미엄피자',30900),(1146,19,'치킨데리야키XXL','프리미엄피자',24900),(1147,19,'치킨데리야키L','프리미엄피자',19900),(1148,19,'패스츄리바이트XXXL','프리미엄피자',34900),(1149,19,'패스츄리바이트XXL','프리미엄피자',27900),(1150,19,'패스츄리바이트L','프리미엄피자',20900),(1151,19,'골드피자XXXL','프리미엄피자',34900),(1152,19,'골드피자XXL','프리미엄피자',27900),(1153,19,'골드피자L','프리미엄피자',20900),(1154,19,'치킨바베큐골드XXXL','프리미엄피자',34900),(1155,19,'치킨바베큐골드XXL','프리미엄피자',27900),(1156,19,'치킨바베큐골드L','프리미엄피자',20900),(1157,19,'핫치킨골드XXXL','프리미엄피자',34900),(1158,19,'핫치킨골드XXL','프리미엄피자',27900),(1159,19,'핫치킨골드L','프리미엄피자',20900),(1160,19,'치즈단호박XXXL','프리미엄피자',34900),(1161,19,'치즈단호박XXL','프리미엄피자',27900),(1162,19,'치즈단호박L','프리미엄피자',20900),(1163,19,'리치딜라이트XXXL','프리미엄피자',34900),(1164,19,'리치딜라이트XXL','프리미엄피자',27900),(1165,19,'리치딜라이트L','프리미엄피자',20900),(1166,19,'새우감자말이피자XXXL','프리미엄피자',36900),(1167,19,'새우감자말이피자XXL','프리미엄피자',30900),(1168,19,'새우감자말이피자L','프리미엄피자',25900),(1169,19,'치즈프라이XXL','프리미엄피자',23500),(1170,19,'치즈프라이L','프리미엄피자',17500),(1171,19,'치즈도이치XXL','프리미엄피자',23500),(1172,19,'치즈도이치L','프리미엄피자',17500),(1173,19,'오리지널피자+샐러드(단호박,고구마)+버팔로윙5+웨지감자+텐터5+치즈스틱5','드림박스',23000),(1174,19,'치즈피자XXXL','오리지널피자',23900),(1175,19,'치즈피자XXL','오리지널피자',18900),(1176,19,'치즈피자L','오리지널피자',14900),(1177,19,'페페로니피자XXXL','오리지널피자',23900),(1178,19,'페페로니피자XXL','오리지널피자',20900),(1179,19,'페페로니피자L','오리지널피자',14900),(1180,19,'불고기피자XXXL','오리지널피자',23900),(1181,19,'불고기피자XXL','오리지널피자',20900),(1182,19,'불고기피자L','오리지널피자',14900),(1183,19,'포테이토피자XXXL','오리지널피자',23900),(1184,19,'포테이토피자XXL','오리지널피자',20900),(1185,19,'포테이토피자L','오리지널피자',14900),(1186,19,'슈퍼슈프림피자XXXL','오리지널피자',23900),(1187,19,'슈퍼슈프림피자XXL','오리지널피자',20900),(1188,19,'슈퍼슈프림피자L','오리지널피자',14900),(1189,19,'고구마 치킨 그라탕','파스타/사이드',7500),(1190,19,'까르보나라','파스타/사이드',8900),(1191,19,'토마토스파게티','파스타/사이드메뉴',5000),(1192,19,'미트소스스파게티','파스타/사이드메뉴',5500),(1193,19,'치즈오븐스파게티','파스타/사이드메뉴',6500),(1194,19,'까르보나라','파스타/사이드메뉴',8900),(1195,19,'영구스립바비큐(통)','파스타/사이드메뉴',17800),(1196,19,'영구스립바비큐(하프)','파스타/사이드메뉴',9400),(1197,19,'버팔로핫윙(20pcs)','파스타/사이드메뉴',13900),(1198,19,'버팔로핫윙(10pcs)','파스타/사이드메뉴',8900),(1199,19,'칠리프라이','파스타/사이드메뉴',5500),(1200,19,'피클추가','파스타/사이드메뉴',200),(1201,19,'퐁듀소스추가','파스타/사이드메뉴',500),(1202,19,'갈릭디핑추가','파스타/사이드메뉴',300),(1203,19,'치즈가루추가','파스타/사이드메뉴',200),(1204,19,'핫소스추가','파스타/사이드메뉴',100),(1205,19,'코카콜라1.25L','음료',1500),(1206,19,'코카콜라500ml','음료',1000),(1207,19,'스프라이트1.25L','음료',1600),(1208,19,'스프라이트500ml','음료',1100),(1209,20,'로맨틱콤보홈런박스(하프치킨)','홈런박스',28900),(1210,20,'로맨틱콤보홈런박스(스파게티)','홈런박스',28900),(1211,20,'쉬림프골드홈런박스(하프치킨)','홈런박스',29900),(1212,20,'하프앤하프홈런박스(하프치킨)','홈런박스',29900),(1213,20,'포테이토골드홈런박스(하프치킨)','홈런박스',28900),(1214,20,'콤보홈런박스(하프치킨)','홈런박스',22900),(1215,20,'불고기홈런박스(하프치킨)','홈런박스',22900),(1216,20,'쉬림프골드홈런박스(스파게티)','홈런박스',29900),(1217,20,'하프앤하프홈런박스(스파게티)','홈런박스',29900),(1218,20,'포테이토골드홈런박스(스파게티)','홈런박스',28900),(1219,20,'콤보홈런박스(스파게티)','홈런박스',22900),(1220,20,'불고기홈런박스(스파게티)','홈런박스',22900),(1221,20,'쉬림프골드R&홈샐러드(스파게티)','보너스파우치',32900),(1222,20,'쉬림프골드L&홈샐러드(스파게티)','보너스파우치',38900),(1223,20,'하프앤하프R&홈샐러드(스파게티)','보너스파우치',32900),(1224,20,'하프앤하프L&홈샐러드(스파게티)','보너스파우치',38900),(1225,20,'포테이토골드R&홈샐러드(스파게티)','보너스파우치',31900),(1226,20,'포테이토골드L&홈샐러드(스파게티)','보너스파우치',37900),(1227,20,'콤보R&홈샐러드(스파게티)','보너스파우치',26900),(1228,20,'콤보L&홈샐러드(스파게티)','보너스파우치',30900),(1229,20,'불고기R&홈샐러드(스파게티)','보너스파우치',26900),(1230,20,'불고기L&홈샐러드(스파게티)','보너스파우치',30900),(1231,20,'로맨틱콤보R&홈샐러드(스파게티)','보너스파우치',31900),(1232,20,'로맨틱콤보L&홈샐러드(스파게티)','보너스파우치',37900),(1233,20,'로맨틱콤보R&홈샐러드(윙8조각)','보너스파우치',31900),(1234,20,'로맨틱콤보L&홈샐러드(윙8조각)','보너스파우치',37900),(1235,20,'쉬림프골드R&홈샐러드(윙8조각)','보너스파우치',32900),(1236,20,'쉬림프골드L&홈샐러드(윙8조각)','보너스파우치',38900),(1237,20,'포테이토골드R&홈샐러드(윙8조각)','보너스파우치',31900),(1238,20,'포테이토골드L&홈샐러드(윙8조각)','보너스파우치',37900),(1239,20,'하프앤하프R&홈샐러드(윙8조각)','보너스파우치',32900),(1240,20,'하프앤하프L&홈샐러드(윙8조각)','보너스파우치',38900),(1241,20,'콤보R&홈샐러드(윙8조각)','보너스파우치',26900),(1242,20,'콤보L&홈샐러드(윙8조각)','보너스파우치',30900),(1243,20,'불고기R&홈샐러드(윙8조각)','보너스파우치',26900),(1244,20,'불고기L&홈샐러드(윙8조각)','보너스파우치',30900),(1245,20,'치즈캡변경시','프리미엄피자',3500),(1246,20,'해쉬브라운,에그타르트,크림치즈,골드변경시','프리미엄피자',1000),(1247,20,'트레비앙R','프리미엄피자',22000),(1248,20,'트레비앙L','프리미엄피자',30000),(1249,20,'로맨틱콤보R','프리미엄피자',24000),(1250,20,'로맨틱콤보L','프리미엄피자',32000),(1251,20,'러블리피스R','프리미엄피자',26000),(1252,20,'러블리피스L','프리미엄피자',34000),(1253,20,'스윗피스R','프리미엄피자',21000),(1254,20,'스윗피스L','프리미엄피자',29000),(1255,20,'쉬림프골드R','프리미엄피자',25900),(1256,20,'쉬림프골드L','프리미엄피자',33900),(1257,20,'포테이토골드R','프리미엄피자',25900),(1258,20,'포테이토골드L','프리미엄피자',33900),(1259,20,'하프앤하프R','프리미엄피자',26900),(1260,20,'하프앤하프L','프리미엄피자',34900),(1261,20,'시크릿가든R','프리미엄피자',24900),(1262,20,'시크릿가든L','프리미엄피자',32900),(1263,20,'게살몽땅R','프리미엄피자',26500),(1264,20,'게살몽땅L','프리미엄피자',34500),(1265,20,'치즈캡L변경시','클래식피자',4500),(1266,20,'치즈캡R변경시','클래식피자',3500),(1267,20,'포테이토피자R','클래식피자',17900),(1268,20,'포테이토피자L','클래식피자',22900),(1269,20,'미스터피자콤보R','클래식피자',17900),(1270,20,'미스터피자콤보L','클래식피자',22900),(1271,20,'불고기피자R','클래식피자',16500),(1272,20,'불고기피자L','클래식피자',21500),(1273,20,'하와이안딜라이트R','클래식피자',13500),(1274,20,'하와이안딜라이트L','클래식피자',18500),(1275,20,'베지테리안R','클래식피자',13500),(1276,20,'베지테리안L','클래식피자',18500),(1277,20,'크런치포테이토R','스마티피자(씬)',17000),(1278,20,'크런치포테이토L','스마티피자(씬)',25000),(1279,20,'크림쉬림프R','스마티피자(씬)',19000),(1280,20,'크림쉬림프L','스마티피자(씬)',27000),(1281,20,'시카고딥R','스마티피자(씬)',18000),(1282,20,'시카고딥L','스마티피자(씬)',26000),(1283,20,'리코타치즈샐러드','사이드메뉴',6900),(1284,20,'케이준치킨샐러드','사이드메뉴',6900),(1285,20,'홈샐러드','사이드메뉴',5900),(1286,20,'허니치킨','사이드메뉴',18000),(1287,20,'허니감자(매콤)','사이드메뉴',3000),(1288,20,'허니감자(순한)','사이드메뉴',3000),(1289,20,'허니버터디핑소스','사이드메뉴',1500),(1290,20,'허니버터시즈닝','사이드메뉴',500),(1291,20,'치즈볼4개','사이드메뉴',4500),(1292,20,'베이크윙4개','사이드메뉴',3900),(1293,20,'베이크윙8개','사이드메뉴',7500),(1294,20,'크리스피텐터치킨4개','사이드메뉴',3900),(1295,20,'크리스피텐더치킨8개','사이드메뉴',7500),(1296,20,'핫윙4개','사이드메뉴',3500),(1297,20,'핫윙8개','사이드메뉴',6900),(1298,20,'하프치킨','사이드메뉴',8900),(1299,20,'치즈스틱4개','사이드메뉴',3900),(1300,20,'치즈스틱8개','사이드메뉴',6900),(1301,20,'쫀득핫도그3개','사이드메뉴',3900),(1302,20,'크러쉬드레드페퍼','사이드메뉴',200),(1303,20,'피클','사이드메뉴',200),(1304,20,'갈릭디핑소스','사이드메뉴',100),(1305,20,'핫소스','사이드메뉴',100),(1306,20,'허니머스타드소스','사이드메뉴',100),(1307,20,'꿀','사이드메뉴',600),(1308,20,'쉬림프까르보나라','파스타/리조또',9900),(1309,20,'오븐치즈미트스파게티','파스타/리조또',7900),(1310,20,'오븐치즈베이컨크림스파게티','파스타/리조또',7900),(1311,20,'오브친즈씨푸드김치스파게티','파스타/리조또',7900),(1312,20,'오븐치즈씨푸드김치리조또','파스타/리조또',8900),(1313,20,'펩시콜라500ml','음료',1000),(1314,20,'펩시콜라1.25L','음료',1600),(1315,20,'칠성사이다500ml','음료',1200),(1316,20,'칠성사이다1.25L','음료',1600),(1317,20,'마운틴듀400ml','음료',1000),(1318,20,'마운틴듀1.5L','음료',1900),(1319,20,'따블퐈홈런박스(하프치킨)','홈런박스',28900),(1320,20,'따블퐈홈런박스(스파게티)','홈런박스',28900),(1321,20,'따블퐈R&홈샐러드(스파게티)','보너스파우치',31900),(1322,20,'따블퐈L&홈샐러드(스파게티)','보너스파우치',37900),(1323,20,'따블퐈R&홈샐러드(윙8조각)','보너스파우치',31900),(1324,20,'따블퐈L&홈샐러드(윙8조각)','보너스파우치',37900),(1325,20,'스노잉쉬림프R','프리미엄피자',24000),(1326,20,'스노잉쉬림프L','프리미엄피자',32000),(1327,20,'까르네콤보R','프리미엄피자',24000),(1328,20,'까르네콤보L','프리미엄피자',32000),(1329,20,'따블퐈R','프리미엄피자',24000),(1330,20,'따블퐈L','프리미엄피자',32000),(1331,20,'또띠아피자R','클래식피자',17900),(1332,20,'페스츄리피자R','클래식피자',17900),(1333,20,'불고기+시크릿가든','투런홈런박스',38900),(1334,20,'콤보+시크릿가든','투런홈런박스',38900),(1335,20,'불고기+포테이토골드','투런홈런박스',38900),(1336,20,'콤보+포테이토골드','투런홈런박스',38900),(1337,20,'콤보+포테이토','투런홈런박스',33900),(1338,21,'오리지널','도우선택',0),(1339,21,'씬크리스트BIG','도우선택',2000),(1340,21,'씬크리스트L or M','도우선택',1000),(1341,21,'치즈크러스트or골드크러스트BIG','도우선택',4500),(1342,21,'치즈크러스트or골드크러스트L','도우선택',3500),(1343,21,'치즈크러스트or골드크러스트M','도우선택',2500),(1344,21,'아메리칸스페셜M','피자',13500),(1345,21,'아메라칸스페셜L','피자',16900),(1346,21,'아메리칸스페셜BIG','피자',23900),(1347,21,'하프앤하프L','피자',15900),(1348,21,'하프앤하프BIG','피자',22900),(1349,21,'크렌베리고르곤졸라L','피자',21900),(1350,21,'크렌베리고르곤졸라BIG','피자',28900),(1351,21,'로얄쿼터블L','피자',27900),(1352,21,'로얄쿼터블BIG','피자',34900),(1353,21,'차샤로우M','피자',18500),(1354,21,'차샤로우L','피자',21900),(1355,21,'차샤로우BIG','피자',28900),(1356,21,'씨-푸드M','피자',15500),(1357,21,'씨-푸드L','피자',18900),(1358,21,'씨-푸드BIG','피자',25900),(1359,21,'헤븐리포치즈M','피자',15500),(1360,21,'헤븐리포치즈L','피자',18900),(1361,21,'헤븐리포치즈BIG','피자',25900),(1362,21,'쿼터드레싱포테이토L','피자',18900),(1363,21,'쿼터드레싱포테이토BIG','피자',25900),(1364,21,'레드핫치킨M','피자',15500),(1365,21,'레드핫치킨L','피자',18900),(1366,21,'레드핫치킨BIG','피자',25900),(1367,21,'더블포테이토M','피자',15500),(1368,21,'더블포테이토L','피자',18900),(1369,21,'더블포테이토BIG','피자',25900),(1370,21,'쉬림프디럭스M','피자',15500),(1371,21,'쉬림프디럭스L','피자',18900),(1372,21,'쉬림프디럭스BIG','피자',25900),(1373,21,'핫앤스파이시M','피자',14500),(1374,21,'핫앤스파이시L','피자',17900),(1375,21,'핫앤스파이시BIG','피자',24900),(1376,21,'고구마스위트M','피자',14500),(1377,21,'고구마스위트L','피자',17900),(1378,21,'고구마스위트BIG','피자',24900),(1379,21,'불고기M','피자',14500),(1380,21,'블고기L','피자',17900),(1381,21,'불고기BIG','피자',24900),(1382,21,'포테이토M','피자',14500),(1383,21,'포테이토L','피자',17900),(1384,21,'포테이토BIG','피자',24900),(1385,21,'더블치즈베이컨M','피자',13500),(1386,21,'더블치즈베이컨L','피자',16900),(1387,21,'더블치즈베이컨BIG','피자',23900),(1388,21,'치킨바베큐M','피자',15500),(1389,21,'치킨바베큐L','피자',18900),(1390,21,'치킨바베큐BIG','피자',25900),(1391,21,'통가슴살치킨피자M','피자',15500),(1392,21,'통가슴살치킨피자L','피자',18900),(1393,21,'통가슴살치킨피자BIG','피자',25900),(1394,21,'헤븐스페셜M','피자',13500),(1395,21,'헤븐스페셜L','피자',16900),(1396,21,'헤븐스페셜BIG','피자',23900),(1397,21,'페파로니M','피자',12500),(1398,21,'페파로니L','피자',15900),(1399,21,'페파로니BIG','피자',22900),(1400,21,'슈퍼슈프림M','피자',13500),(1401,21,'슈퍼슈프림L','피자',16900),(1402,21,'슈퍼슈프림BIG','피자',23900),(1403,21,'더블치즈피자M','피자',12500),(1404,21,'더블치즈피자L','피자',15900),(1405,21,'더블치즈피자BIG','피자',22900),(1406,21,'하와이안M','피자',12500),(1407,21,'하와이안L','피자',15900),(1408,21,'하와이안BIG','피자',22900),(1409,21,'그릴드포크밸리','피자',16500),(1410,21,'그릴드포크밸리','피자',19900),(1411,21,'그릴드포크밸리','피자',26900),(1412,21,'매운까르보나라스파게티','사이드',7500),(1413,21,'씨푸드포모도로','사이드',7500),(1414,21,'포모도로스파게티','사이드',6500),(1415,21,'볼로네즈스파게티','사이드',6500),(1416,21,'까르보나라스파게티','사이드',7000),(1417,21,'크리스피 타코버거','사이드',11900),(1418,21,'치킨텐더(7조각)','사이드',6500),(1419,21,'순가슴살치킨(10조각)','사이드',6500),(1420,21,'핫윙(8조각)','사이드',6500),(1421,21,'치킨콤보','사이드',13900),(1422,21,'치킨도넛','사이드',6500),(1423,21,'콘샐러드','사이드',1200),(1424,21,'탄두리 치킨 ','사이드',14500),(1425,21,'헤븐 박스','세트메뉴',24900),(1426,21,'오리저널라지세트','세트메뉴',23900),(1427,21,'오리지널빅라지세트','세트메뉴',28900),(1428,21,'패밀리세트','세트메뉴',33900),(1429,21,'파티세트','세트메뉴',53900),(1430,21,'치킨콤보세트','세트메뉴',28900),(1431,21,'크리스피타코버거세트','세트메뉴',16900),(1432,21,'미디엄세트','세트메뉴',19900),(1433,21,'라지세트','세트메뉴',23900),(1434,21,'빅라지세트','세트메뉴',28900),(1435,21,'핫쭈꾸쭈꾸피자M','피자',21500),(1436,21,'핫쭈꾸쭈꾸피자L','피자',24900),(1437,21,'핫쭈꾸쭈꾸피자BIG','피자 ',31900),(1438,21,'그릴드 포크벨리M','피자',16500),(1439,21,'그릴드 포크벨리L','피자',19900),(1440,21,'그릴드 포크벨리BIG','피자',26900),(1441,22,'방문포장2000원할인,콜라증정(R사이즈는콜라제외)','비고',0),(1442,22,'콜라+사이드메뉴택1','비고',4000),(1443,22,'콜라+스파게티(미트/토마토)선택1','비고',5500),(1444,22,'도우추가(치즈,아몬드골드,과일크림,아몬드단팥)','비고',3000),(1445,22,'반반메뉴추가시','비고',2000),(1446,22,'시카고미트볼피자(XL사이즈치즈크러스트만가능)','신메뉴',0),(1447,22,'게살바른피자-L','신메뉴',25000),(1448,22,'쓰리스타피자-L','신메뉴',21000),(1449,22,'허쉬포테이토-L','신메뉴',21000),(1450,22,'럭키세븐치즈피자- R(2인)','스페셜피자',18000),(1451,22,'럭키세븐치즈피자- L(3인)','스페셜피자',21000),(1452,22,'럭키세븐치즈피자- XL(5인)','스페셜피자',25000),(1453,22,'쩍벌새우피자- R(2인)','달인피자',23000),(1454,22,'쩍벌새우피자- L(3인)','달인피자',26000),(1455,22,'쩍벌새우피자- XL(5인)','달인피자',30000),(1456,22,'바삭감자피자- R(2인)','달인피자',22000),(1457,22,'바삭감자피자- L(3인)','달인피자',25000),(1458,22,'바삭감자피자- XL(5인)','달인피자',29000),(1459,22,'치즈매니아피자- R(2인)','스페셜피자',18000),(1460,22,'치즈매니아피자- L(3인)','스페셜피자',21000),(1461,22,'치즈매니아피자- XL(5인)','스페셜피자',25000),(1462,22,'럭셔리씨푸드피자- R(2인)','스페셜피자',18000),(1463,22,'럭셔리씨푸드피자- L(3인)','스페셜피자',21000),(1464,22,'럭셔리씨푸드피자- XL(5인)','스페셜피자',25000),(1465,22,'시골갈비피자- R(2인)','스페셜피자',18000),(1466,22,'시골갈비피자- L(3인)','스페셜피자',21000),(1467,22,'시골갈비피자- XL(5인)','스페셜피자',25000),(1468,22,'매운시골갈비피자- R(2인)','스페셜피자',18000),(1469,22,'매운시골갈비피자- L(3인)','스페셜피자',21000),(1470,22,'매운시골갈비피자- XL(5인)','스페셜피자',25000),(1471,22,'도시갈비피자- R(2인)','스페셜피자',18000),(1472,22,'도시갈비피자- L(3인)','스페셜피자',21000),(1473,22,'도시갈비피자- XL(5인)','스페셜피자',25000),(1474,22,'리얼숯불바베큐치킨피자- R(2인)','스페셜피자',18000),(1475,22,'리얼숯불바베큐치킨피자- L(3인)','스페셜피자',21000),(1476,22,'리얼숯불바베큐치킨피자- XL(5인)','스페셜피자',25000),(1477,22,'더블베이컨체다피자- R(2인)','스페셜피자',18000),(1478,22,'더블베이컨체다피자- L(3인)','스페셜피자',21000),(1479,22,'더블베이컨체다피자- XL(5인)','스페셜피자',25000),(1480,22,'슈퍼콤비피자- R(2인)','클래식피자',13000),(1481,22,'슈퍼콤비피자- L(3인)','클래식피자',16000),(1482,22,'슈퍼콤비피자- XL(5인)','클래식피자',20000),(1483,22,'더쉬림프피자- R(2인)','클래식피자',13000),(1484,22,'더쉬림프피자- L(3인)','클래식피자',16000),(1485,22,'더쉬림프피자- XL(5인)','클래식피자',20000),(1486,22,'달큰고구메피자- R(2인)','클래식피자',13000),(1487,22,'달큰고구메피자- L(3인)','클래식피자',16000),(1488,22,'달큰고구메피자- XL(5인)','클래식피자',20000),(1489,22,'감재의진리피자- R(2인)','클래식피자',13000),(1490,22,'감재의진리피자- L(3인)','클래식피자',16000),(1491,22,'감재의진리피자- XL(5인)','클래식피자',20000),(1492,22,'직화불고기피자- R(2인)','클래식피자',13000),(1493,22,'직화불고기피자- L(3인)','클래식피자',16000),(1494,22,'직화불고기피자- XL(5인)','클래식피자',20000),(1495,22,'치즈페퍼로니피자- R(2인)','클래식피자',13000),(1496,22,'치즈페퍼로니피자- L(3인)','클래식피자',16000),(1497,22,'치즈페퍼로니피자- XL(5인)','클래식피자',20000),(1498,22,'치즈하와이언피자- R(2인)','클래식피자',13000),(1499,22,'치즈하와이언피자- L(3인)','클래식피자',16000),(1500,22,'치즈하와이언피자- XL(5인)','클래식피자',20000),(1501,22,'로제해물파스타','사이드메뉴',7700),(1502,22,'스파게티(미트/토마토)','사이드메뉴',5000),(1503,22,'베이컨허브감자','사이드메뉴',3000),(1504,22,'고구마치즈스틱(4조각)','사이드메뉴',3000),(1505,22,'핫윙(5조각)','사이드메뉴',3000),(1506,22,'머쉬룸 크림 스파게티','사이드메뉴',6500),(1507,22,'수제피클추가','사이드메뉴',500),(1508,22,'핫소스추가','사이드메뉴',100),(1509,22,'갈릭소스추가','사이드메뉴',500),(1510,22,'콜라500ML','음료',1000),(1511,22,'콜라1.25L','음료',1500),(1512,22,'매콤치즈불닭-L','신메뉴',21000),(1513,22,'갈릭고르곤졸라-L','신메뉴',16000),(1514,23,'콤비네이션피자R','피자',12900),(1515,23,'콤비네이션피자L','피자',14900),(1516,23,'콤비네이션피자XXXL','피자',20900),(1517,23,'불고기피자R','피자',12900),(1518,23,'불고기피자L','피자',14900),(1519,23,'불고기피자XXXL','피자',20900),(1520,23,'치즈피자R','피자',12900),(1521,23,'치즈피자L','피자',14900),(1522,23,'치즈피자XXXL','피자',20900),(1523,23,'야채피자R','피자',12900),(1524,23,'야채피자L','피자',14900),(1525,23,'야채피자XXXL','피자',20900),(1526,23,'페페로니피자R','피자',12900),(1527,23,'페페로니피자L','피자',14900),(1528,23,'페페로니피자XXXL','피자',20900),(1529,23,'하와이언피자R','피자',12900),(1530,23,'하와이언피자L','피자',14900),(1531,23,'하와이언피자XXXL','피자',20900),(1532,23,'베이컨체다치즈피자R','피자',12900),(1533,23,'베이컨체다치즈피자L','피자',14900),(1534,23,'베이컨체다치즈피자XXXL','피자',20900),(1535,23,'수제고구마피자R','피자',13900),(1536,23,'수제고구마피자L','피자',15900),(1537,23,'수제고구마피자XXXL','피자',22900),(1538,23,'포테이토피자R','피자',13900),(1539,23,'포테이토피자L','피자',15900),(1540,23,'포테이토피자XXXL','피자',22900),(1541,23,'치킨바베큐피자R','피자',13900),(1542,23,'치킨바베큐피자L','피자',15900),(1543,23,'치킨바베큐피자XXXL','피자',22900),(1544,23,'핫치킨피자R','피자',13900),(1545,23,'핫치킨피자L','피자',15900),(1546,23,'핫치킨피자XXXL','피자',22900),(1547,23,'통마늘불고기피자R','피자',13900),(1548,23,'통마늘불고기피자L','피자',15900),(1549,23,'통마늘불고기피자XXXL','피자',22900),(1550,23,'쉬림프피자R','피자',14900),(1551,23,'쉬림프피자L','피자',16900),(1552,23,'쉬림프피자XXXL','피자',24900),(1553,23,'핫치킨쉬림프피자R','피자',14900),(1554,23,'핫치킨쉬림프피자','피자',16900),(1555,23,'핫치킨쉬림프피자XXXL','피자',24900),(1556,23,'더블바베큐피자R','피자',14900),(1557,23,'더블바베큐피자L','피자',16900),(1558,23,'더블바베큐피자XXXL','피자',24900),(1559,23,'쏘핫불고기피자R','피자',14900),(1560,23,'쏘핫불고기피자L','피자',16900),(1561,23,'치즈후라이피자R','피자',14900),(1562,23,'치즈후라이피자L','피자',16900),(1563,23,'스파이시도이치피자R','피자',14900),(1564,23,'스파이시도이치피자L','피자',16900),(1565,23,'스파이시도이치피자XXXL','피자',24900),(1566,23,'베이컨쉬림프피자R','피자',15900),(1567,23,'베이컨쉬림프피자L','피자',17900),(1568,23,'베이컨쉬림프피자XXXL','피자',26900),(1569,23,'훈제치킨(한마리)','사이드메뉴',9900),(1570,23,'치즈오븐스파게티','사이드메뉴',5000),(1571,23,'고구마스파게티','사이드메뉴',5500),(1572,23,'핫칠리스파게티','사이드메뉴',5500),(1573,23,'치킨스파게티','사이드메뉴',5500),(1574,23,'오지치즈 후라이','사이드메뉴',5000),(1575,23,'버팔로윙(5조각)','사이드메뉴',4000),(1576,23,'치킨텐더(4조각)','사이드메뉴',4000),(1577,23,'치즈스틱(5조각)','사이드메뉴',4000),(1578,23,'코카콜라500mL','사이드메뉴',1300),(1579,23,'코카콜라1.25L','사이드메뉴',1800),(1580,23,'스프라이트500mL','사이드메뉴',1300),(1581,23,'스프라이트1.25L','사이드메뉴',1800),(1582,23,'수제갈릭소스','사이드메뉴',400),(1583,23,'수제피클','사이드메뉴',500),(1584,23,'오리지널','도우선택',0),(1585,23,'치즈크러스트','도우선택',3000),(1586,23,'크림치즈','도우선택',4000),(1587,23,'골드','도우선택',4000),(1588,23,'바이트','도우선택',5000),(1589,23,'리치골드','도우선택',5000),(1590,23,'소보로','도우선택',5000),(1591,23,'콤비네이션','토핑선택',0),(1592,23,'불고기','토핑선택',0),(1593,23,'치즈','토핑선택',0),(1594,23,'야채','토핑선택',0),(1595,23,'페페로니','토핑선택',0),(1596,23,'하와이언','토핑선택',0),(1597,23,'베이컨체다치즈','토핑선택',0),(1598,23,'수제고구마','토핑선택',1000),(1599,23,'포테이토','토핑선택',1000),(1600,23,'치킨바베큐','토핑선택',1000),(1601,23,'핫치킨','토핑선택',1000),(1602,23,'통마늘불고기','토핑선택',1000),(1603,23,'쉬림프','토핑선택',2000),(1604,23,'핫치킨쉬림프','토핑선택',2000),(1605,23,'더블바베큐','토핑선택',2000),(1606,23,'쏘핫불고기','토핑선택',2000),(1607,23,'스파이시도이치','토핑선택',2000),(1608,23,'베이컨쉬림프','토핑선택',3000),(1609,23,'하프앤하프피자R','하프앤하프피자',13900),(1610,23,'하프앤하프피자L','하프앤하프피자',15900),(1611,23,'하프앤하프피자XXXL','하프앤하프피자',22900),(1612,23,'오리지널피자R + 오리지널피자R','원플러스원피자',22900),(1613,23,'오리지널피자L + 오리지널피자L','원플러스원피자',26900),(1614,23,'오리지널피자R + 치즈오븐스파게티 + 체다웨지감자 + 치킨텐더 + 핫윙','스위트박스',24900),(1615,23,'오리지널피자R + 훈제치킨 + 그릴소세지 + 크리스피포테이토','스위트박스',28900),(1616,23,'세트1: 오리지널피자L + 오븐스파게티 + 콜라500mL','세트메뉴',18500),(1617,23,'세트2: 오리지널피자L + 오븐스파게티 + 버팔로윙 + 콜라1.25L','세트메뉴',22000),(1618,23,'세트3: 오리지널피자L + 오븐스파게티 + 훈제치킨 + 콜라1.25L','세트메뉴',27000),(1619,23,'세트4: 오리지널피자L + 오븐스파게티 + 버팔로윙 + 훈제치킨 + 콜라1.25L','세트메뉴',31000),(1620,23,'세트5: 오리지널피자R + 오븐스파게티 + 콜라500mL','세트메뉴',16500),(1621,23,'세트6: 오리지널피자R + 오븐스파게티 + 버팔로윙 + 콜라1.25L','세트메뉴',20000),(1622,23,'세트7: 오리지널피자R + 오븐스파게티 + 훈제치킨 + 콜라1.25L','세트메뉴',25000),(1623,23,'세트8: 오리지널피자R + 오븐스파게티 + 버팔로윙 + 훈제치킨 + 콜라1.25L','세트메뉴',29000),(1624,23,'세트9: 오리지널피자L + 오븐스파게티 + 콜라500mL','세트메뉴',24000),(1625,23,'세트10: 오리지널피자R + 훈제치킨 + 콜라1.25L','세트메뉴',22000),(1626,24,'제육덮밥+돈까스+캔콜라','세트',6500),(1627,24,'오므라이스+돈까스+캔','세트',6500),(1628,24,'김치볶음밥+돈까스+캔','세트',6500),(1629,24,'오징어덮밥+돈까스+캔','세트',6500),(1630,24,'새우볶음밥+돈까스+캔','세트',6500),(1631,24,'고추잡채밥+돈까스+캔','세트',6500),(1632,24,'쫄면+돈까스','세트',7000),(1633,24,'우동+돈까스','세트',7000),(1634,24,'비냉+돈까스','세트',7000),(1635,24,'돈까스+생선까스+함박스테이크','세트',8000),(1636,24,'돈까스+치킨까스+함박스테이크','세트',8000),(1637,24,'돈까스+새우까스+함박스테이크','세트',8000),(1638,24,'짬뽕+돈까스','세트',7000),(1639,24,'칼국수+돈까스','세트',7000),(1640,24,'수제비+돈까스','세트',7000),(1641,24,'떡만두+돈까스','세트',7000),(1642,24,'제육덮밥','밥류',5000),(1643,24,'오므라이스','밥류',5000),(1644,24,'김치볶음밥','밥류',5000),(1645,24,'오징어덮밥','밥류',5000),(1646,24,'새우볶음밥','밥류',5000),(1647,24,'고추잡채밥','밥류',5000),(1648,24,'김치제육덮밥','밥류',5500),(1649,24,'제육돌솥','밥류',5500),(1650,24,'치즈돌솥','밥류',5500),(1651,24,'돌솥비빔밥','밥류',5500),(1652,24,'소불고기돌솥','밥류',5500),(1653,24,'불고기비빔밥','밥류',5500),(1654,24,'뚝배기불고기','밥류',5500),(1655,24,'짬뽕우동','밥류',5500),(1656,24,'소고기순두부찌개','밥류',5500),(1657,24,'해물순두부찌개','밥류',5500),(1658,24,'해물짬뽕밥','밥류',6000),(1659,24,'낙지덮밥','밥류',6000),(1660,25,'김치찌개(2인)+제육볶음(1인)','세트',16000),(1661,25,'된장찌개(2인)+제육볶음(1인)','세트',16000),(1662,25,'순두부찌개(2인)+제육볶음(1인)','세트',16000),(1663,25,'부대찌개(2인)+제육볶음(1인)','세트',18000),(1664,25,'동태찌개(2인)+제육볶음(1인)','세트',18000),(1665,25,'부대찌개(2인)','식사',12000),(1666,25,'부대찌개(3인)','식사',18000),(1667,25,'부대찌개(4인)','식사',24000),(1668,25,'김치찌개(2인)','식사',10000),(1669,25,'김치찌개(3인)','식사',15000),(1670,25,'김치찌개(4인)','식사',20000),(1671,25,'참치찌개(2인)','식사',10000),(1672,25,'참치찌개(3인)','식사',15000),(1673,25,'참치찌개(4인)','식사',20000),(1674,25,'꽁치찌개(2인)','식사',11000),(1675,25,'꽁치찌개(3인)','식사',16000),(1676,25,'꽁치찌개(4인)','식사',22000),(1677,25,'된장찌개(2인)','식사',10000),(1678,25,'된장찌개(3인)','식사',15000),(1679,25,'된장찌개(4인)','식사',20000),(1680,25,'순두부찌개(2인)','식사',10000),(1681,25,'순두부찌개(3인)','식사',15000),(1682,25,'순두부찌개(4인)','식사',20000),(1683,25,'만두전골(2인)','식사',11000),(1684,25,'만두전골(3인)','식사',16000),(1685,25,'만두전골(4인)','식사',22000),(1686,25,'동태찌개(2인)','식사',12000),(1687,25,'동태찌개(3인)','식사',18000),(1688,25,'동태찌개(4인)','식사',24000),(1689,25,'오삼불고기(2인)','식사',12000),(1690,25,'오삼불고기(3인)','식사',18000),(1691,25,'오삼불고기(4인)','식사',24000),(1692,25,'제육볶음(2인)','식사',12000),(1693,25,'제육볶음(3인)','식사',18000),(1694,25,'제육볶음(4인)','식사',24000),(1695,25,'닭고추장불고기(2인)','식사',12000),(1696,25,'닭고추장불고기(3인)','식사',18000),(1697,25,'닭고추장불고기(4인)','식사',24000),(1698,25,'안동찜닭(중)','식사',22000),(1699,25,'안동찜닭(대)','식사',30000),(1700,25,'두부김치','식사',15000),(1701,25,'닭도리탕(중)','식사',20000),(1702,25,'닭도리탕(대)','식사',27000),(1703,25,'김치떡닭도리탕(중)','식사',22000),(1704,25,'김치떡닭도리탕(대)','식사',30000),(1705,25,'낙지볶음소면(중)','식사',20000),(1706,25,'낙지볶음소면(대)','식사',30000),(1707,25,'두부전골(중)','식사',19000),(1708,25,'두부전골(대)','식사',27000),(1709,25,'버섯전골(중)','식사',20000),(1710,25,'버섯전골(대)','식사',30000),(1711,25,'제육비빔밥','식사',5000),(1712,25,'열무비빔밥','식사',5000),(1713,25,'낙지비빔밥','식사',6000),(1714,25,'오징어비빔밥','식사',5000),(1715,26,'카드배달주문시총가격에서1000원추가','비고',0),(1716,26,'감자탕(대)','찜탕',30000),(1717,26,'감자탕(중)','찜탕',25000),(1718,26,'감자탕(소)','찜탕',20000),(1719,26,'아구찜(대)','찜탕',30000),(1720,26,'아구찜(중)','찜탕',25000),(1721,26,'아구찜(소)','찜탕',20000),(1722,26,'아구탕(대)','찜탕',30000),(1723,26,'아구탕(중)','찜탕',25000),(1724,26,'아구탕(소)','찜탕',20000),(1725,26,'닭도리탕(대)','찜탕',30000),(1726,26,'닭도리탕(중)','찜탕',25000),(1727,26,'닭도리탕(소)','찜탕',20000),(1728,26,'불낙전골1인','찜탕',9000),(1729,26,'삼계탕','찜탕',10000),(1730,26,'낙지볶음','찌개/조림',8000),(1731,26,'뼈해장국','찌개/조림',5000),(1732,26,'뚝배기불백','찌개/조림',5000),(1733,26,'동태찌개','찌개/조림',5000),(1734,26,'갈치조림','찌개/조림',5000),(1735,26,'부대찌개','찌개/조림',5000),(1736,26,'청국장','찌개/조림',4000),(1737,26,'오징어볶음','찌개/조림',4000),(1738,26,'제육볶음','찌개/조림',4000),(1739,26,'돌솥비빔밥','찌개/조림',4000),(1740,26,'김치찌개','찌개/조림',4000),(1741,26,'된장찌개','찌개/조림',4000),(1742,26,'순두부찌개','찌개/조림',4000),(1743,26,'냉면','찌개/조림',4000),(1744,26,'떡국','찌개/조림',4000),(1745,27,'병천순대국','식사',6000),(1746,27,'뼈해장국','식사',7000),(1747,27,'우거지순대국','식사',7000),(1748,27,'매운순대국','식사',7000),(1749,27,'닭육계장','식사',6000),(1750,27,'뚝배기불고기','식사',6000),(1751,27,'반계탕','식사',7000),(1752,27,'삼계탕','식사',12000),(1753,27,'떡(만두)국 (밥포함)','식사',6000),(1754,27,'부대찌개(1인분)','식사',6000),(1755,27,'부대찌개(2인분)','식사',14000),(1756,27,'참치알밥','식사',5000),(1757,27,'순대 한접시','식사',6000),(1758,27,'머리고기수육','안주메뉴',15000),(1759,27,'순대곱창볶음','안주메뉴',15000),(1760,27,'오징어순대','안주메뉴',15000),(1761,27,'술국','안주메뉴',12000),(1762,27,'모듬순대','안주메뉴',15000),(1763,27,'순대곱창전골','안주메뉴',28000),(1764,28,'세트1:(김치볶음밥 or 김치참치덮밥)+돈가스+소우동','볶음밥세트',7000),(1765,28,'세트2:(치킨데리야끼 or 해물볶음밥 or 새우볶음밥)+돈가스+소우동','볶음밥세트',8000),(1766,28,'원정대A세트:돈가스+치킨가스+소우동','돈가스세트',8000),(1767,28,'원정대B세트:돈가스+생선가스+소우동','돈가스세트',8000),(1768,28,'원정대C세트:돈가스+함박스텍+소우동','돈가스세트',8000),(1769,28,'원정대D세트:치킨가스+생선가스+소우동','돈가스세트',8000),(1770,28,'원정대E세트:생선가스+함박스텍+소우동','돈가스세트',8000),(1771,28,'원정대F세트:치킨가스+함박스텍+소우동','돈가스세트',8000),(1772,28,'모듬가스:돈가스+치킨가스+생선가스+함박스텍+새우가스','돈가스세트',13000),(1773,28,'새우가스추가','돈가스세트추가',2000),(1774,28,'어린이돈가스','돈가스및함박스텍',4500),(1775,28,'원정대돈가스','돈가스및함박스텍',6500),(1776,28,'카레돈가스','돈가스및함박스텍',7000),(1777,28,'치킨가스','돈가스및함박스텍',7000),(1778,28,'돈가스정식','돈가스및함박스텍',7000),(1779,28,'생선가스','돈가스및함박스텍',7000),(1780,28,'베이컨돈가스','돈가스및함박스텍',7000),(1781,28,'함박스텍','돈가스및함박스텍',7000),(1782,28,'새우가스','돈가스및함박스텍',7500),(1783,28,'치즈돈가스','돈가스및함박스텍',7500),(1784,28,'스페셜정식:돈가스+생선+함박+새우','돈가스및함박스텍',7500),(1785,28,'매운돈가스','돈가스및함박스텍',7000),(1786,28,'카레라이스','볶음밥및덮밥',5500),(1787,28,'참치김치덮밥','볶음밥및덮밥',5500),(1788,28,'김치카레돈가스덮밥','볶음밥및덮밥',7000),(1789,28,'새우볶음밥','볶음밥및덮밥',6000),(1790,28,'제육덮밥','볶음밥및덮밥',6000),(1791,28,'김치볶음밥','볶음밥및덮밥',5500),(1792,28,'해물볶음밥','볶음밥및덮밥',6500),(1793,28,'오징어덮밥','볶음밥및덮밥',6500),(1794,28,'치킨데리야끼볶음밥','볶음밥및덮밥',6500),(1795,28,'우동','우동류',3000),(1796,28,'김치우동','우동류',4000),(1797,28,'새우튀김우동','우동류',5000),(1798,28,'돈가스튀김우동','우동류',5000),(1799,28,'모듬우동(새우+김치+돈가스)','우동류',5500),(1800,28,'냉모밀','우동류',5500),(1801,28,'냉모밀정식','우동류',8000),(1802,28,'소우동(타메뉴와 함께 주문시 배달가능)','우동류',1500),(1803,28,'콜라','음료',1000),(1804,28,'사이다','음료',1000),(1805,29,'안동찜닭(중)','찜닭',25000),(1806,29,'안동찜닭(소)','찜닭',17000),(1807,29,'고추장찜닭(대)','찜닭',34000),(1808,29,'고추장찜닭(중)','찜닭',25000),(1809,29,'고추장찜닭(소)','찜닭',17000),(1810,29,'순살안동찜닭(대)','찜닭',34000),(1811,29,'순살안동찜닭(중)','찜닭',25000),(1812,29,'순살안동찜닭(소)','찜닭',17000),(1813,29,'순살고추장찜닭(대)','찜닭',34000),(1814,29,'순살고추장찜닭(중)','찜닭',25000),(1815,29,'순살고추장찜닭(소)','찜닭',17000),(1816,29,'치즈찜닭안동맛(대)','찜닭',37000),(1817,29,'치즈찜닭안동맛(중)','찜닭',28000),(1818,29,'치즈찜닭안동맛(소)','찜닭',20000),(1819,29,'치즈찜닭고추장맛(대)','찜닭',37000),(1820,29,'치즈찜닭고추장맛(중)','찜닭',28000),(1821,29,'치즈찜닭고추장맛(소)','찜닭',20000),(1822,29,'만두','추가메뉴',2000),(1823,29,'당면','추가메뉴',2000),(1824,29,'치즈떡','추가메뉴',2000),(1825,29,'공기밥','추가메뉴',1000),(1826,29,'음료수500ml','음료',1000),(1827,29,'음료수1.2L','음료',2000),(1828,30,'원조김밥','김밥류',2000),(1829,30,'고추김밥','김밥류',3000),(1830,30,'참치김밥','김밥류',3000),(1831,30,'김치김밥','김밥류',3000),(1832,30,'치즈김밥','김밥류',3000),(1833,30,'소고기김밥','김밥류',3500),(1834,30,'계란말이김밥','김밥류',3500),(1835,30,'누드김밥','김밥류',3500),(1836,30,'모듬김밥','김밥류',3500),(1837,30,'샐러드김밥','김밥류',3500),(1838,30,'라면','분식류',3000),(1839,30,'떡라면','분식류',3500),(1840,30,'치즈라면','분식류',3500),(1841,30,'햄라면','분식류',3500),(1842,30,'만두라면','분식류',3500),(1843,30,'김치라면','분식류',3500),(1844,30,'짬뽕라면','분식류',3500),(1845,30,'라제비','분식류',4000),(1846,30,'우동','분식류',4500),(1847,30,'김치우동','분식류',4500),(1848,30,'떡볶이','분식류',4000),(1849,30,'라볶이','분식류',4000),(1850,30,'치즈떡볶이','분식류',4500),(1851,30,'특라볶이(라면+떡+만두+치즈)','분식류',5000),(1852,30,'오뎅','분식류',4000),(1853,30,'손수제비','분식류',4500),(1854,30,'칼국수','분식류',4500),(1855,30,'떡국','분식류',4500),(1856,30,'떡만두국','분식류',5000),(1857,30,'만두국','분식류',4500),(1858,30,'고기만두','분식류',4000),(1859,30,'김치만두','분식류',4000),(1860,30,'물만두','분식류',4000),(1861,30,'잔치국수','분식류',4500),(1862,30,'비빔국수','분식류',4500),(1863,30,'콩국수','분식류',5000),(1864,30,'물냉면','분식류',5000),(1865,30,'비빔냉면','분식류',5000),(1866,30,'쫄면','분식류',4500),(1867,30,'특쫄볶이(쫄면+떡+만두+치즈)','분식류',5000),(1868,30,'돈까스','돈까스류',6000),(1869,30,'카레돈까스','돈까스류',6000),(1870,30,'고구마돈까스','돈까스류',6500),(1871,30,'치즈돈까스','돈까스류',6500),(1872,30,'치킨까스','돈까스류',6500),(1873,30,'스페셜정식(돈까스+김밥+쫄면+주먹밥)','돈까스류',8000),(1874,30,'추억의도시락','식사류',5000),(1875,30,'오므라이스','식사류',5500),(1876,30,'카레라이스','식사류',5500),(1877,30,'김치볶음밥','식사류',5500),(1878,30,'김치덮밥','식사류',5500),(1879,30,'오징어덮밥','식사류',6000),(1880,30,'제육덮밥','식사류',5500),(1881,30,'참치덮밥','식사류',5500),(1882,30,'불고기덮밥','식사류',6000),(1883,30,'낙지덮밥','식사류',6000),(1884,30,'새우볶음밥','식사류',6000),(1885,30,'비빔밥','식사류',5500),(1886,30,'돌솥비빔밥','식사류',6000),(1887,30,'돌솥알밥','식사류',6000),(1888,30,'고등어김치조림','식사류',6500),(1889,30,'꽁치김치조림','식사류',6500),(1890,30,'김치찌개','식사류',5500),(1891,30,'참치찌개','식사류',5500),(1892,30,'된장찌개','식사류',5500),(1893,30,'순두부찌개','식사류',5500),(1894,30,'부대찌개','식사류',6000),(1895,30,'육개장','식사류',6000),(1896,30,'갈비탕','식사류',6000),(1897,30,'내장탕','식사류',6000),(1898,30,'설렁탕','식사류',6000),(1899,30,'양평해장국','식사류',6000),(1900,30,'다슬기해장국','식사류',6000),(1901,30,'뼈다귀해장국','식사류',6000),(1902,30,'소고기국밥','식사류',6000),(1903,30,'양푼비빔밥(2인분+된장찌개)','식사류',11000),(1904,30,'양푼김치찌개(2인분+공기밥)','식사류',11000),(1905,30,'돈까스+라면+김밥','세트메뉴',10000),(1906,30,'치즈돈까스+치즈라면+김밥','세트메뉴',11000),(1907,30,'오므라이스+라볶이+김밥','세트메뉴',10000),(1908,30,'추억의도시락+라볶이+김밥','세트메뉴',10000),(1909,31,'비빔밥','식사류',5500),(1910,31,'제육덮밥','식사류',5500),(1911,31,'오징어덮밥','식사류',5500),(1912,31,'카레덮밥','식사류',5500),(1913,31,'참지김치볶음밥','식사류',5500),(1914,31,'김치찌개','식사류',5500),(1915,31,'된장찌개','식사류',5500),(1916,31,'청국장','식사류',5500),(1917,31,'돼지불고기','식사류',6000),(1918,31,'오삼불고기','식사류',6000),(1919,31,'소불고기','식사류',6000),(1920,31,'갈비탕(겨울메뉴)','식사류',6000),(1921,31,'쭈불이','식사류',7000),(1922,31,'라면','면류',3000),(1923,31,'우동','면류',3000),(1924,31,'치즈라면','면류',3500),(1925,31,'떡라면','면류',4000),(1926,31,'만두라면','면류',4000),(1927,31,'라볶이','면류',4500),(1928,31,'우동볶이','면류',4500),(1929,31,'쫄볶이','면류',5000),(1930,31,'쫄면','면류',5000),(1931,31,'비빔국수','면류',5000),(1932,31,'떡만두국','면류',5000),(1933,31,'손칼국수','면류',5000),(1934,31,'매운 라+우동','면류',5500),(1935,31,'냉면','면류',5500),(1936,31,'냉면+갈비(여름메뉴)','면류',6500),(1937,31,'흑미 야채김밥','흑미김밥',2000),(1938,31,'흑미 김치김밥','흑미김밥',2500),(1939,31,'흑미 매운고추김밥','흑미김밥',3500),(1940,31,'흑미 참치김밥','흑미김밥',3500),(1941,31,'흑미 치즈김밥','흑미김밥',3500),(1942,31,'흑미 쇠고기김밥','흑미김밥',3500),(1943,31,'흑미 제육김밥','흑미김밥',4000),(1944,31,'흑미 날치알김밥','흑미김밥',4000),(1945,31,'흑미 참치김밥','흑미김밥',4000),(1946,31,'흑미 쇠고기치즈김밥','흑미김밥',4000),(1947,31,'흑미 모듬김밥','흑미김밥',4500),(1948,31,'흑미 참치주먹밥','흑미주먹밥(계란말이 추가시 + 1500)',2000),(1949,31,'흑미 쇠고기주먹밥','흑미주먹밥(계란말이 추가시 + 1500)',2000),(1950,31,'흑미 김치주먹밥','흑미주먹밥(계란말이 추가시 + 1500)',2500),(1951,31,'흑미 제육주먹밥','흑미주먹밥(계란말이 추가시 + 1500)',3500),(1952,31,'흑미 계란말이주먹밥(참치or쇠고기)','흑미주먹밥(계란말이 추가시 + 1500)',3500),(1953,31,'흑미 매운고추주먹밥(참치or쇠고기)','흑미주먹밥(계란말이 추가시 + 1500)',3500),(1954,31,'흑미 참치치즈주먹밥','흑미주먹밥(계란말이 추가시 + 1500)',3500),(1955,31,'흑미 쇠고기치즈주먹밥','흑미주먹밥(계란말이 추가시 + 1500)',3500),(1956,31,'흑미 비빔참치주먹밥','흑미주먹밥(계란말이 추가시 + 1500)',4000),(1957,31,'흑미 비빔쇠고기주먹밥','흑미주먹밥(계란말이 추가시 + 1500)',4000),(1958,31,'흑미 비빔참치치즈주먹밥','흑미주먹밥(계란말이 추가시 + 1500)',4500),(1959,31,'흑미 비빔쇠고기치즈주먹밥','흑미주먹밥(계란말이 추가시 + 1500)',4500),(1960,31,'기본사리:떡,라,오,쫄,야끼,계란','즉석떡볶이',0),(1961,31,'사리추가 각각 1000원','즉석떡볶이',1000),(1962,31,'소(2인분)','즉석떡볶이',9000),(1963,31,'중(3-4인분)','즉석떡볶이',13500),(1964,31,'대(4인분이상)','즉석떡볶이',18000),(1965,31,'만두1인분(10개)','즉석떡볶이',4000),(1966,31,'오뎅1인분 (겨울메뉴','즉석떡볶이',2500),(1967,31,'라면+김밥or주먹밥','세트',4500),(1968,31,'우동+김밥or주먹밥','세트',4500),(1969,31,'치즈라면+김밥or주먹밥','세트',5000),(1970,31,'만두라면+김밥or주먹밥','세트',5500),(1971,31,'떡라면+김밥or주먹밥','세트',5500),(1972,31,'만두+김밥or주먹밥','세트',5500),(1973,31,'라면+참치김밥or치즈김밥','세트',6000),(1974,31,'라볶이+김밥or주먹밥','세트',6000),(1975,31,'떡라면+참치김밥or치즈김밥','세트',7000),(1976,31,'라볶이+참치김밥or치즈김밥','세트',7500),(1977,32,'수육국밥','식사류',6900),(1978,32,'수육국밥(특)','식사류',8000),(1979,32,'순대국밥','식사류',6900),(1980,32,'순대국밥(특)','식사류',8000),(1981,32,'얼큰국밥','식사류',6900),(1982,32,'얼큰국밥(특)','식사류',8000),(1983,32,'직화물냉면','식사류',6500),(1984,32,'직화비빔냉면','식사류',6500),(1985,32,'명태회냉면','식사류',7000),(1986,32,'수육백반정식(2인이상주문가능)','식사류',10000),(1987,32,'직화구이정식(2인이상주문가능)','식사류',10000),(1988,32,'얼큰술국','요리류',15000),(1989,32,'수육보쌈(중)','요리류',25000),(1990,32,'수육보쌈(대)','요리류',33000),(1991,32,'수육전골(중)','요리류',18000),(1992,32,'수육전공(대)','요리류',23000),(1993,32,'족발냉채','요리류',20000),(1994,32,'철판바베큐','요리류',15000),(1995,33,'뼈해장국','메뉴',6500),(1996,33,'비빔냉면','메뉴',5000),(1997,33,'물냉면','메뉴',5000),(1998,34,'세트1(떡1+오뎅2+만두1+쿨피스1)','세트',8000),(1999,34,'세트2(떡1+오뎅1+만두1+김말이1+잡채말이1+쿨피스1)','세트',9500),(2000,34,'세트3(떡2+오뎅1+만두1+김말이1+잡채말이1+쿨피스1)','세트',12500),(2001,34,'세트4(떡2+오뎅2+만두1+김말이1+잡채말이1+쿨피스1)','세트',13500),(2002,34,'세트5(떡2+오뎅2+만두2+김말이1+잡채말이1+쿨피스1)','세트',15000),(2003,34,'패밀리원세트(떡2+오뎅2+만두2+김말이2+잡채말이2+쿨피스1)','세트',17500),(2004,34,'패밀리투세트(떡1+치떡1+오뎅2+만두2+김말이2+잡채말이2+쿨피스1)','세트',18500),(2005,34,'떡볶이(순한or중간or매운)','떡볶이',2500),(2006,34,'치즈떡볶이(순한or중간or매운)','떡볶이',3500),(2007,34,'오뎅튀김(6개)','토핑',1500),(2008,34,'만두튀김(5개)','토핑',1500),(2009,34,'김말이튀김(3개)','토핑',1500),(2010,34,'잡채말이튀김(3개)','토핑',1500),(2011,34,'치즈스틱(3개)','토핑',2000),(2012,34,'삶은계란(2개)','토핑',1000),(2013,34,'치즈토핑','토핑',1000),(2014,34,'신전김밥','김밥',2000),(2015,34,'치즈김밥','김밥',2500),(2016,34,'참치마요컵밥','김밥',3000),(2017,34,'팥빙수','음료',4000),(2018,34,'쿨피스','음료',1500),(2019,35,'해물,카레,짜장떡볶이중1개선택/튀김1인분/주먹밥','세트',17000),(2020,35,'닭발(뼈있는또는뼈없는)+튀김1인분+주먹밥','세트',19000),(2021,35,'오돌뼈+튀김1인분+주먹밥','세트',18000),(2022,35,'해물떡볶이','떡볶이',13000),(2023,35,'해물카레떡볶이','떡볶이',14000),(2024,35,'해물짜장떡볶이','떡볶이',14000),(2025,35,'수제튀김1인분(고기,김말이,야채,오징어,고구마,새우,계란중5개선택)','사리',4000),(2026,35,'라면사리','사리',1000),(2027,35,'오뎅사리','사리',1000),(2028,35,'치즈추가','사리',1000),(2029,35,'쫄면사리','사리',2000),(2030,35,'우동사리','사리',2000),(2031,35,'주먹밥','사리',3000),(2032,35,'쿨피스','음료',1500),(2033,35,'사이다/콜라','음료',1000),(2034,35,'뼈있는국물닭발(2인분)','기타',15000),(2035,35,'뼈없는국물 닭발','기타',14000),(2036,35,'닭볶음탕(1마리)','기타',22000),(2037,35,'오돌뼈(2인분)','기타',14000),(2038,36,'엽기세트A(엽떡or엽오+모듬튀김+계란or메추리알+쿨피스450ml)','세트',17000),(2039,36,'엽기세트B(엽떡or엽오+모듬튀김+주먹김밥+계란or메추리알+쿨피스450ml)','세트',19000),(2040,36,'엽기세트C(엽떡or엽오+모듬튀김+주먹김밥+당면+계란or메추리알+쿨피스450ml','세트',21000),(2041,36,'엽기떡볶이','엽떡',14000),(2042,36,'엽기오뎅','엽떡',14000),(2043,36,'엽기닭도리','엽떡',24000),(2044,36,'참숯통닭발','참숯메뉴',14000),(2045,36,'참숯뼈없는닭발','참숯메뉴',15000),(2046,36,'국물닭발','참숯메뉴',15000),(2047,36,'야채볶음닭발','참숯메뉴',15000),(2048,36,'참숯닭날개','참숯메뉴',14000),(2049,36,'불똥집','참숯메뉴',14000),(2050,36,'오돌뼈','참숯메뉴',14000),(2051,36,'돼지석쇠불고기','참숯메뉴',14000),(2052,36,'주먹김밥','사이드메뉴',2000),(2053,36,'누룽지탕','사이드메뉴',5000),(2054,36,'계란야채죽','사이드메뉴',5000),(2055,36,'오뎅탕','사이드메뉴',10000),(2056,36,'치즈','토핑',3000),(2057,36,'당면','토핑',2000),(2058,36,'햄','토핑',1000),(2059,36,'계란','토핑',1000),(2060,36,'메추리알','토핑',1000),(2061,36,'떡,오뎅사리추가','토핑',1000),(2062,36,'튀김만두(4개)','토핑',2000),(2063,36,'김말이튀김(3개)','토핑',2000),(2064,36,'야채튀김(1개)','토핑',1000),(2065,36,'순대(300g)','토핑',3000),(2066,36,'모듬튀김(야채튀김1+김말일1+만두2)','토핑',2000),(2067,36,'쿨피스450ml','음료',1000),(2068,37,'1.(웁스떡볶이or웁스오뎅택1)+튀김만두+주먹김밥','세트',16000),(2069,37,'2.(웁스떡볶이or웁스오뎅택1)+(튀김만두or주먹김밥택1)+쿨피스','세트',16000),(2070,37,'3.(국물닭발or참숯닭발택1)+주먹김밥+쿨피스','세트',17000),(2071,37,'웁스떡볶이(떡+오뎅+햄+치즈+계란찜)','기본매뉴',13000),(2072,37,'웁스오뎅(오뎅+떡+햄+치즈+계란찜)','기본매뉴',13000),(2073,37,'웁스닭도리','기본매뉴',22000),(2074,37,'참숯닭발(참숯통닭발/참숯뼈없는닭발)','기본매뉴',14000),(2075,37,'국물닭발','기본매뉴',14000),(2076,37,'누룽지탕','기본매뉴',5000),(2077,37,'계란찜추가','추가',2000),(2078,37,'떡추가','추가',1000),(2079,37,'오뎅추가','추가',1000),(2080,37,'햄추가','추가',1000),(2081,37,'계란/메추리알','추가',1000),(2082,37,'주먹김밥','추가',2000),(2083,37,'튀김만두','추가',2000),(2084,37,'당면','추가',2000),(2085,37,'치즈','추가',3000),(2086,37,'쿨피스','음료',2000),(2087,37,'콜라','음료',2000),(2088,37,'소주/맥주','음료',3000),(2089,37,'4. (웁스짜장or사천떡볶이+튀김만두+주먹김밥)','세트',16000),(2090,37,'5.(웁스짜장or사천떡볶이+튀김만두or주먹김밥+쿨피스)','세트',16000),(2091,37,'웁스짜장or사천떡볶이(떡+오뎅+햄+치즈+계란찜)','기본매뉴',13000),(2092,38,'카모메 무스비','오니기리',1200),(2093,38,'참치 마요네즈','오니기리',1800),(2094,38,'크레미 샐러리','오니기리',1900),(2095,38,'치즈 날치알','오니기리',1900),(2096,38,'고추장 불고기','오니기리',2000),(2097,38,'김치 참치','오니기리',2000),(2098,38,'김치 베이컨','오니기리',2000),(2099,38,'매콤 멸치','오니기리',2100),(2100,38,'달콤견과 며치','오니기리',2100),(2101,38,'데리아끼 치킨','오니기리',2200),(2102,38,'불고기','오니기리',2200),(2103,38,'불닭','오니기리',2200),(2104,38,'구운 명란','오니기리',2400),(2105,38,'구운 연어','오니기리',2500),(2106,38,'구운 스팸','오니기리',2500),(2107,38,'1.크래미샐러리+구운명란','Mix 오니기리 (주문시 번호로)',2700),(2108,38,'2.불닭+구운명란','Mix 오니기리 (주문시 번호로)',2700),(2109,38,'3.불닭+스팸','Mix 오니기리 (주문시 번호로)',2700),(2110,38,'4.참치마요네즈+고추장불고기','Mix 오니기리 (주문시 번호로)',2700),(2111,38,'5.스팸+김치참치','Mix 오니기리 (주문시 번호로)',2700),(2112,38,'6.참치마요네즈+불닭','Mix 오니기리 (주문시 번호로)',2700),(2113,38,'7.치즈날치알+참치마요네즈','Mix 오니기리 (주문시 번호로)',2700),(2114,38,'8.매콤멸치+스팸','Mix 오니기리 (주문시 번호로)',2700),(2115,38,'카모메세트(카모메우동+Mix오니기리1)','Set',6000),(2116,38,'싱글세트(Noodle중 택1+Mix오니기리1)','Set',8300),(2117,38,'스페셜세트(Noodle중 택1+Mix오니기리2)','Set',10600),(2118,38,'커플세트(Noodle중 택1+Mix오니기리2+샐러드)','Set',13000),(2119,38,'카모메 우동','Noodle',4000),(2120,38,'오뎅 우동','Noodle',6000),(2121,38,'샐러드 우동','Noodle',6000),(2122,38,'홍 우동','Noodle',6000),(2123,38,'볶음 우동','Noodle',6000),(2124,38,'차슈 우동','Noodle',6000),(2125,38,'나가사키 짬뽕','Noodle',6000),(2126,38,'크림명란 우동','Noodle',6000),(2127,38,'야끼 우동','Noodle',6000),(2128,38,'냉우동 (여름메뉴)','Noodle',6000),(2129,38,'냉모밀 (여름메뉴)','Noodle',6500),(2130,38,'우삼겹덮밥','Donburi',6000),(2131,38,'돈까스덮밥','Donburi',6500),(2132,38,'새우까스덮밥','Donburi',6500),(2133,38,'아쿠아돈까스','Donburi',6800),(2134,38,'크림새우덮밥','Donburi',6800),(2135,38,'차슈덮밥','Donburi',6800),(2136,38,'치킨카레라이스','Curry',6000),(2137,38,'치킨카레우동','Curry',6000),(2138,38,'카레고로케','Curry',6300),(2139,38,'카레돈가스','Curry',6500),(2140,38,'카레치킨가라아게','Curry',6800),(2141,38,'카레왕새우','Curry',6800),(2142,38,'날크박스 (치즈날치알+크래미)','Rice Box',3800),(2143,38,'불크박스(불닭+크래미)','Rice Box',3800),(2144,38,'고매박스(고추장불고기+매콤멸치)','Rice Box',3800),(2145,38,'데불박스(데리야끼치킨+불고기)','Rice Box',3800),(2146,38,'드레싱: 키위드레싱,오리엔탈드레싱 중 택1','카모메 샐러드',3300),(2147,38,'토핑: 참치마요네즈,치즈날치알,크래미샐러리 중 택1','카모메 샐러드',3300),(2148,39,'부리또','기본/세트',3000),(2149,39,'부리또+탄산음료','기본/세트',3700),(2150,39,'부리또+탄산음료+감자튀김','기본/세트',5500),(2151,39,'소고기추가요금','기본/세트',500),(2152,39,'닭/믹스(소고기+닭)','기본/세트',0),(2153,39,'매운맛조절가능','기본/세트',0),(2154,39,'점보(크기추가)','토핑추가',1000),(2155,39,'포테이토(추가)','토핑추가',500),(2156,39,'더블치즈(추가)','토핑추가',500),(2157,39,'모짜렐라치즈(추가)','토핑추가',1000),(2158,39,'할리피뇨(추가)','토핑추가',500),(2159,39,'소시지(추가)','토핑추가',1000),(2160,39,'새우튀김','사이드',2000),(2161,39,'어니언링','사이드',2000),(2162,39,'감자튀김','사이드',2000),(2163,39,'콜라','음료',700),(2164,40,'빅맥세트','햄버거',6200),(2165,40,'빅맥단품','햄버거',4700),(2166,40,'메가맥세트','햄버거',7500),(2167,40,'메가맥단품','햄버거',5800),(2168,40,'1955버거세트','햄버거',7300),(2169,40,'1955버거단품','햄버거',5700),(2170,40,'쿼터파운더치즈세트','햄버거',4200),(2171,40,'쿼터파운더치즈단품','햄버거',5200),(2172,40,'베이컨토마토디럭스세트','햄버거',7100),(2173,40,'베이컨토마토디럭스단품','햄버거',5300),(2174,40,'맥스파이시상하이버거세트','햄버거',6200),(2175,40,'맥스파이시상하이버거단품','햄버거',4700),(2176,40,'디럭스슈림프버거세트','햄버거',6200),(2177,40,'디럭스슈림프버거단품','햄버거',4300),(2178,40,'더블1955버거','햄버거',6900),(2179,40,'더블디럭스슈림프버거','햄버거',5800),(2180,40,'더블쿼터파운더치즈','햄버거',6500),(2181,40,'불고기버거','햄버거',2300),(2182,40,'더블불고기버거','햄버거',4700),(2183,40,'치즈버거','햄버거',2700),(2184,40,'더블치즈버거','햄버거',4500),(2185,40,'햄버거','햄버거',2100),(2186,40,'맥윙4조각','사이드메뉴',4300),(2187,40,'맥스파이시치킨텐더4조각','사이드메뉴',4800),(2188,40,'맥윙8조각','사이드메뉴',8100),(2189,40,'맥윙2조각','사이드메뉴',2500),(2190,40,'맥너겟20조각','사이드메뉴',7700),(2191,40,'맥너겟10조각','사이드메뉴',4500),(2192,40,'맥스파이시치킨텐더8조각','사이드메뉴',8800),(2193,40,'맥스파이시치킨텐더2조각','사이드메뉴',2700),(2194,40,'스파이시비프스낵랩','사이드메뉴',2300),(2195,40,'후렌치후라이','사이드메뉴',1800),(2196,40,'파이애플후룻컵','사이드메뉴',1900),(2197,40,'스위트칠리소스(맥너겟/텐더용)','사이드메뉴',200),(2198,40,'스위트앤사우어소스(맥너겟/텐더용)','사이드메뉴',200),(2199,40,'케이준소스(맥너겟/텐더용)','사이드메뉴',200),(2200,40,'스위트칠리소스(맥윙용)','사이드메뉴',100),(2201,40,'오레오맥플러리','사이드메뉴',2700),(2202,40,'바닐라선데이아이스크림','사이드메뉴',1800),(2203,40,'치킨스낵팩','사이드메뉴',7900),(2204,40,'맥스파이시치킨스낵랩','사이드메뉴',2300),(2205,40,'아메리카노s','음료',1800),(2206,40,'아메리카노m','음료',2300),(2207,40,'카페라떼s','음료',2200),(2208,40,'카페라떼m','음료',2700),(2209,40,'카푸치노s','음료',2200),(2210,40,'카푸치노m','음료',2700),(2211,40,'에스프레소','음료',1800),(2212,40,'아이스카페라떼','음료',2700),(2213,40,'아이스아메리카노','음료',2300),(2214,40,'프리미엄로스트원두커피','음료',1300),(2215,40,'아이스커피','음료',1300),(2216,40,'콜라R','음료',1300),(2217,40,'콜라R제로','음료',1300),(2218,40,'스프라이트','음료',1300),(2219,40,'환타','음료',1300),(2220,40,'바닐라쉐이크','음료',2000),(2221,40,'딸기쉐이크','음료',2000),(2222,40,'초코쉐이크','음료',2000),(2223,40,'오레지주스','음료',2100),(2224,40,'우유','음료',1800),(2225,40,'생수','음료',1300),(2226,40,'에그맥머핀세트','모닝메뉴',4200),(2227,40,'에그맥머핀콤보','모닝메뉴',3200),(2228,40,'에그맥머핀단품','모닝메뉴',2800),(2229,40,'베이컨에그맥머핀세트','모닝메뉴',4200),(2230,40,'베이컨에그맥머핀단품','모닝메뉴',3000),(2231,40,'베이컨토마토머핀세트','모닝메뉴',4300),(2232,40,'베이컨토마토머핀단품','모닝메뉴',3100),(2233,40,'소시지에그맥머핀세트','모닝메뉴',4200),(2234,40,'소시지에그맥머핀단품','모닝메뉴',3000),(2235,40,'소시지에그랩4+1팩','모닝메뉴',7200),(2236,40,'소시지에그랩 단품','모닝메뉴',1800),(2237,40,'블루베리 석류 스무디','음료',2800),(2238,40,'딸기 바나나 스무디','음료',2800),(2239,40,'모카 프라페(휘핑크림 없음)','음료',2800),(2240,40,'그린티 프라페(휘핑크림 없음)','음료',2800),(2241,41,'실속세트(왕족발,미니매운족발,주먹밥)','세트류',30000),(2242,41,'대박세트(왕족발,보쌈,매운왕족발)','세트류',60000),(2243,41,'반반세트(왕족발,보쌈,매운왕족발)','세트류',40000),(2244,41,'냉채족발','족발/보쌈',22000),(2245,41,'왕족발대','족발/보쌈',25000),(2246,41,'왕족발중','족발/보쌈',22000),(2247,41,'왕족발소','족발/보쌈',20000),(2248,41,'족발골뱅이','족발/보쌈',20000),(2249,41,'매운왕족발','족발/보쌈',25000),(2250,41,'미니매운족발대','족발/보쌈',18000),(2251,41,'미니매운족발중','족발/보쌈',15000),(2252,41,'보쌈대','족발/보쌈',25000),(2253,41,'보쌈중','족발/보쌈',22000),(2254,41,'보쌈소','족발/보쌈',20000),(2255,41,'쟁반막국수','사이드/기타',6000),(2256,41,'김범벅주먹밥(2인)','사이드/기타',5000),(2257,41,'소주','사이드/기타',2000),(2258,42,'사이즈 : 대','모듬(족발+보쌈)',45000),(2259,42,'사이즈 : 중','모듬(족발+보쌈)',35000),(2260,42,'사이즈 : 특대','족발',42000),(2261,42,'사이즈 : 대','족발',36000),(2262,42,'사이즈 : 중','족발',30000),(2263,42,'사이즈 : 소','족발',25000),(2264,42,'사이즈 : 특대','보쌈',42000),(2265,42,'사이즈 : 대','보쌈',36000),(2266,42,'사이즈 : 중','보쌈',30000),(2267,42,'사이즈 : 소','보쌈',25000),(2268,43,'앞다리(대)+쟁반막국수+소주or콜라','족발(세트)',36000),(2269,43,'뒷다리(중)+쟁반막국수+소주or콜라','족발(세트)',32000),(2270,43,'핫바베큐족+쟁반막국수+소주or콜라','족발(세트)',36000),(2271,43,'오븐족+쟁반막국수+소주or콜라','족발(세트)',36000),(2272,43,'갈릭족+쟁반막국수+소주or콜라','족발(세트)',36000),(2273,43,'쟁반막국수','사이드',10000),(2274,43,'모래집구이','사이드',10000),(2275,43,'왕새우튀김','사이드',10000),(2276,43,'고구마치즈스틱','사이드',10000),(2277,43,'소주','사이드',2500);
/*!40000 ALTER TABLE `menu` ENABLE KEYS */;
UNLOCK TABLES;

--
-- Table structure for table `shop_lifeinfo`
--

DROP TABLE IF EXISTS `shop_lifeinfo`;
/*!40101 SET @saved_cs_client     = @@character_set_client */;
/*!40101 SET character_set_client = utf8 */;
CREATE TABLE `shop_lifeinfo` (
  `shop_lifeinfo_id` int(11) NOT NULL AUTO_INCREMENT,
  `category_id` int(11) NOT NULL,
  `name` varchar(45) NOT NULL,
  `img` varchar(45) DEFAULT NULL,
  `img_ppoi` varchar(45) DEFAULT NULL,
  `branch` varchar(45) DEFAULT NULL,
  `phone` varchar(45) NOT NULL,
  `openhour` varchar(45) DEFAULT NULL,
  `address` varchar(225) DEFAULT NULL,
  `address_url` varchar(225) DEFAULT NULL,
  PRIMARY KEY (`shop_lifeinfo_id`),
  KEY `category_id_idx` (`category_id`),
  CONSTRAINT `category_id` FOREIGN KEY (`category_id`) REFERENCES `category` (`category_id`) ON DELETE CASCADE ON UPDATE NO ACTION
) ENGINE=InnoDB AUTO_INCREMENT=100 DEFAULT CHARSET=utf8;
/*!40101 SET character_set_client = @saved_cs_client */;

--
-- Dumping data for table `shop_lifeinfo`
--

LOCK TABLES `shop_lifeinfo` WRITE;
/*!40000 ALTER TABLE `shop_lifeinfo` DISABLE KEYS */;
INSERT INTO `shop_lifeinfo` VALUES (1,1,'노랑통닭','',NULL,'한양대점\r','02-2291-0800','12:00~05:00','',''),(2,1,'까분닭','',NULL,'null\r','02-2282-2256','12:00~24:00 / 명절휴무','',''),(3,1,'네네치킨','',NULL,'한양대점\r','02-2293-9282','12:00~01:00','',''),(4,1,'BHC치킨','',NULL,'한양대점\r','02-2292-5588','11:00~01:00','',''),(5,1,'송유리 치킨&피자샵','',NULL,'null\r','02-2291-7720','11:00~01:00','',''),(6,1,'미쳐버린파닭','',NULL,'한양대점\r','02-2299-4420','15:00~02:00','',''),(7,1,'굽네치킨','',NULL,'성수점\r','050-4457-9322','12:00~01:00','',''),(8,1,'피자나라치킨공주','',NULL,'null\r','02-2299-6755','12:00~00:00','',''),(9,2,'블랙 & 압구정','',NULL,'한양대점\r','02-2281-0004','11:00~21:00','',''),(10,2,'금룡','',NULL,'null\r','02-2293-7373','24시간','',''),(11,2,'신북경','',NULL,'null\r','02-2292-1170','10:00~21:00 / 일 휴무','',''),(12,2,'대연각','',NULL,'null\r','02-2281-8555','11:00~21:00','',''),(13,2,'토이엔','',NULL,'행당점\r','02-2281-7277','10:40~23:30','',''),(14,2,'복천루','',NULL,'null\r','02-2293-7056','10:30~21:00','',''),(15,2,'은지향','',NULL,'null\r','02-2294-5252','10:30~21:00','',''),(16,2,'시온반점','',NULL,'null\r','02-2297-0201','9:00~21:00','',''),(17,3,'피자랑','',NULL,'null\r','02-2294-7710','11:30~23:00','',''),(18,3,'피자에땅','',NULL,'한양대점\r','02-1688-3651','11:00~22:40','',''),(19,3,'영구스피자','',NULL,'성수점\r','02-466-0909','11:00~23:00','',''),(20,3,'미스터피자','',NULL,'한양대점\r','02-2281-8112','11:00~22:00','',''),(21,3,'피자헤븐','',NULL,'한양대점\r','1577-7575','11:00~23:00','',''),(22,3,'피자꾼','',NULL,'왕십리점\r','02-2216-9911','11:00~23:00','',''),(23,3,'피자샵','',NULL,'성동구점\r','050-7526-6219','12:00~23:30','',''),(24,4,'학사회관','',NULL,'null\r','02-2296-4094','10:00~21:00','',''),(25,4,'밥샵','',NULL,'null\r','02-2295-8743','09:00~21:00','',''),(26,4,'한양촌','',NULL,'null\r','02-2293-5238','08:00~20:30','',''),(27,4,'병천순대국','',NULL,'null\r','02-2297-0122','10:00~21:30','',''),(28,4,'돈까스원정대','',NULL,'null\r','02-2291-6434','11:00~21:00','',''),(29,4,'내가찜한닭','',NULL,'왕십리점\r','02-2297-0101','11:00~22:30','',''),(30,4,'김밥천국','',NULL,'사근점\r','02-2299-2750','24시간','',''),(31,4,'한양짱분식','',NULL,'null\r','02-2293-9028','6:00~21:00','',''),(32,4,'the 진국','',NULL,'null\r','02-2299-9882','11:00~20:00','',''),(33,4,'그때그집','',NULL,'null\r','02-2294-4204','10:30~소진시까지','',''),(34,5,'신전떡볶이','',NULL,'행당점\r','02-2281-1178','11:00~22:00','',''),(35,5,'떡볶이&튀김','',NULL,'null\r','02-2299-8152','12:00~01:00','',''),(36,5,'엽기떡볶이','',NULL,'왕십리점\r','02-6053-8592','11:00~24:00','',''),(37,5,'웁스떡볶이','',NULL,'왕십리점\r','02-6396-8282','12:00~24:00','',''),(38,5,'카모메','',NULL,'null\r','02-6397-3454','11:00~21:00','',''),(39,6,'도스마스','',NULL,'왕십리점\r','010-8876-2481','10:00~20:00 / 주말배달X','',''),(40,6,'맥도날드','',NULL,'한양대점\r','02-1600-5252','24시간','',''),(41,7,'귀족족발','',NULL,'null\r','02-2299-1616','14:00~02:00','',''),(42,7,'서울왕족발보쌈','',NULL,'null\r','02-2297-4008','15:00~01:30','',''),(43,7,'장모족발','',NULL,'null\r','02-2294-0327','12:00~05:30','',''),(44,8,'백양세탁소','',NULL,'null\r','02-2294-1832','08:00~21:00','서울시 성동구 마조로15가길 10','http://map.naver.com/?dlevel=12&pinType=site&pinId=17895523&x=127.0412432&y=37.5641173&enc=b64'),(45,8,'늘하얀세탁','',NULL,'null\r','02-2297-8272','10:00~20:00 / 일 휴무','서울시 성동구 마조로 71','http://map.naver.com/?dlevel=12&pinType=site&pinId=34350517&x=127.0415260&y=37.5641400&enc=b64'),(46,8,'크린에이드','',NULL,'마장점\r','02-2299-0009','10:00~21:00 / 일 휴무','서울시 성동구 마조로 54','http://map.naver.com/?dlevel=12&pinType=site&pinId=34352340&x=127.0418890&y=37.5625770&enc=b64'),(47,8,'이화세탁','',NULL,'null\r','02-2292-4494','08:30~22:00 / 일 휴무','서울시 성동구 마조로 11길 8','http://map.naver.com/?dlevel=12&pinType=site&pinId=18778618&x=127.0405375&y=37.5618750&enc=b64'),(48,8,'coin wash24','',NULL,'null\r','','24시간','서울시 성동구 마조로 9길 11','http://map.naver.com/?dlevel=12&pinType=site&pinId=11477725&x=127.0402224&y=37.5611799&enc=b64'),(49,8,'한나세탁','',NULL,'null\r','02-2299-7970','08:00~21:00 / 일 휴무','서울시 성동구 사근동 8길 11','http://map.naver.com/?dlevel=12&pinType=site&pinId=18774981&x=127.0468375&y=37.5601583&enc=b64'),(50,8,'크린토피아','',NULL,'한양대점\r','02-2293-3863','09:30~20:30 / 공휴일 휴무','서울시 성동구 살곶이 8길 21','http://map.naver.com/?dlevel=12&pinType=site&pinId=31169108&x=127.0429080&y=37.5564763&enc=b64'),(51,9,'세븐일레븐','',NULL,'행당미르점\r','070-8243-6017','24시간','서울시 성동구 마조로9길 11-1','http://map.naver.com/?dlevel=12&pinType=site&pinId=31873702&x=127.0401048&y=37.5611905&enc=b64'),(52,9,'CU','',NULL,'마장금호점\r','','24시간','서울시 성동구 마조로15길 5','http://map.naver.com/?dlevel=12&pinType=site&pinId=31454682&x=127.0409361&y=37.5636290&enc=b64'),(53,9,'위드미 마장금호점','',NULL,'마장금호점\r','','24시간','서울시 성동구 마조로55 116호','http://map.naver.com/?dlevel=12&pinType=site&pinId=18774872&x=127.0415580&y=37.5656040&enc=b64'),(54,9,'CU','',NULL,'한양대 사랑점\r','','24시간','서울시 성동구 마조로 11길 3-1','http://map.naver.com/?dlevel=12&pinType=site&pinId=34300693&x=127.0410911&y=37.5616973&enc=b64'),(55,9,'토마토편의점','',NULL,'null\r','','24시간','서울시 성동구 행당동 마조로7길 15-1','http://map.naver.com/?dlevel=12&pinType=site&pinId=18778674&x=127.0394406&y=37.5607203&enc=b64'),(56,9,'오투24스토어','',NULL,'null\r','','24시간','서울시 성동구 행당동 마조로5길 4-16','http://map.naver.com/?dlevel=12&pinType=site&pinId=18776306&x=127.0408888&y=37.5606269&enc=b64'),(57,9,'CU','',NULL,'왕십리점\r','','24시간','서울시 성동구 마조로1길 32','http://map.naver.com/?dlevel=12&pinType=site&pinId=21855884&x=127.0394720&y=37.5602880&enc=b64'),(58,9,'GS25','',NULL,'null\r','','24시간','서울시 성동구 마조로 37','http://map.naver.com/?dlevel=12&pinType=site&pinId=18778447&x=127.0413030&y=37.5611500&enc=b64'),(59,9,'GS25','',NULL,'한양대후문점\r','','24시간','서울시 성동구 사근동길 10','http://map.naver.com/?dlevel=12&pinType=site&pinId=21002939&x=127.0422050&y=37.5602420&enc=b64'),(60,9,'GS25','',NULL,'한양대후문점\r','','24시간','서울시 성동구 사근동길 42','http://map.naver.com/?dlevel=12&pinType=site&pinId=36210440&x=127.0454700&y=37.5607700&enc=b64'),(61,9,'GS25','',NULL,'한양여대점\r','','24시간','서울시 성동구 사근동 10길 16','http://map.naver.com/?dlevel=12&pinType=site&pinId=32507384&x=127.0490500&y=37.5603700&enc=b64'),(62,9,'세븐일레븐','',NULL,'한양대역점\r','','24시간','서울시 성동구 살곶이8길 22','http://map.naver.com/?dlevel=12&pinType=site&pinId=13379167&x=127.0429750&y=37.5563083&enc=b64'),(63,9,'GS25','',NULL,'한양으뜸점\r','','24시간','서울시 성동구 살곶이길 352','http://map.naver.com/?dlevel=12&pinType=site&pinId=32507385&x=127.0409630&y=37.5568030&enc=b64'),(64,9,'세븐일레븐','',NULL,'한양대정우점\r','','24시간','서울시 성동구 왕십리로 235','http://map.naver.com/?dlevel=12&pinType=site&pinId=31873706&x=127.0411780&y=37.5573470&enc=b64'),(65,10,'효민약국','',NULL,'null\r','02-2281-1474','08:00~19:00 / 공휴일 휴무','서울시 성동구 마조로 64 효민약국','http://map.naver.com/?dlevel=12&pinType=site&pinId=35169224&x=127.0419852&y=37.5633029&enc=b64'),(66,10,'성산약국','',NULL,'null\r','02-2294-8555','09:00~20:00 / 일 휴무','서울시 성동구 고산자로 234 7층','http://map.naver.com/?dlevel=12&pinType=site&pinId=19513640&x=127.0352560&y=37.5605408&enc=b64'),(67,10,'이수프라자약국','',NULL,'null\r','02-2298-2569','09:00~20:00','서울시 성동구 왕십리로 309 이수이스타빌 101호','http://map.naver.com/?dlevel=12&pinType=site&pinId=19532296&x=127.0347100&y=37.5614800&enc=b64'),(68,10,'정문약국','',NULL,'null\r','02-2295-4825','09:00~18:00 / 일 휴무','서울시 성동구 왕십리로 236-1','http://map.naver.com/?dlevel=12&pinType=site&pinId=19522185&x=127.0411875&y=37.5580250&enc=b64'),(69,10,'영화당약국','',NULL,'null\r','02-2293-0180','11:00~22:00 / 일 휴무','서울시 성동구 사근동길53','http://map.naver.com/?dlevel=12&pinType=site&pinId=19522300&x=127.0468250&y=37.5609667&enc=b64'),(70,10,'부일약국','',NULL,'null\r','02-2292-8620','06:30~20:30','서울시 성동구 왕십리로 273-1','http://map.naver.com/?dlevel=12&pinType=site&pinId=19522293&x=127.0369685&y=37.5589865&enc=b64'),(71,10,'우리약국','',NULL,'null\r','02-2293-1339','09:00~19:00 / 일 휴무','서울시 성동구 왕십리로 296-1','http://map.naver.com/?dlevel=12&pinType=site&pinId=17903818&x=127.0360260&y=37.5607220&enc=b64'),(72,11,'스타일치과','',NULL,'null\r','02-2282-2119','\"08:00~18:00 / 일','공휴일 휴무\"\"\"','서울시 성동구 왕십리로 309 왕십리역이스타빌'),(73,11,'연세내과','',NULL,'null\r','02-2296-7582','10:00~18:30','서울시 성동구 고산자로 234 나래타워 8층','http://map.naver.com/?dlevel=12&pinType=site&pinId=13469472&x=127.0351750&y=37.5605510&enc=b64'),(74,11,'멘하탄치과','',NULL,'null\r','02-2281-0028','09:00~19:30','서울시 성동구 고산자로 234','http://map.naver.com/?dlevel=12&pinType=site&pinId=19517567&x=127.0352690&y=37.5606160&enc=b64'),(75,11,'행당의원(내과외과)','',NULL,'null\r','02-2292-7323','\"09:30~18:00 / 일','공휴일 휴무\"\"\"','서울시 성동구 왕십리로 309 왕십리역이스타빌'),(76,11,'사랑의 안과','',NULL,'null\r','02-2281-2770','09:00~18:30 / 공휴일 휴무','서울시 성동구 고산자로 234','http://map.naver.com/?dlevel=12&pinType=site&pinId=11605220&x=127.0353161&y=37.5605536&enc=b64'),(77,11,'우리가정의원','',NULL,'null\r','02-2292-5852','\"09:30~18:00 / 일','공휴일 휴무\"\"\"','서울시 성동구 마조로 64 효민빌딩 2층'),(78,11,'세왕병원(응급실)','',NULL,'null\r','02-2297-7272','24시간','서울시 성동구 왕십리로 269 세왕빌딩','http://map.naver.com/?dlevel=12&pinType=site&pinId=11559149&x=127.0375337&y=37.5585866&enc=b64'),(79,11,'서울연세병원','',NULL,'null\r','02-2293-7582','평일 09:00~18:00','서울시 성동구 왕십리로 296 종로학원','http://map.naver.com/?dlevel=12&pinType=site&pinId=13537204&x=127.0361130&y=37.5606874&enc=b64'),(80,12,'다큐프린팅','',NULL,'null\r','02-3395-9400','08:00~21:00','서울시 성동구 마조로9길 16','http://map.naver.com/?dlevel=12&pinType=site&pinId=12003147&x=127.0397625&y=37.5613750&enc=b64'),(81,12,'sj광고기획','',NULL,'null\r','02-2299-5254','09:00~21:00','서울시 성동구 마조로 59','http://map.naver.com/?dlevel=12&pinType=site&pinId=17895194&x=127.0415470&y=37.5631697&enc=b64'),(82,12,'한양제록스','',NULL,'null\r','02-2292-3603','09:00~21:30 / 일 휴무','서울시 성동구 마조로 39','http://map.naver.com/?dlevel=12&pinType=site&pinId=11722821&x=127.0413670&y=37.5613270&enc=b64'),(83,12,'\"한아름복사','제본\"\"\"',NULL,'','null\r','02-2292-8718','미정','서울시 성동구?마조로 41?'),(84,12,'씨앤비정광문화사','',NULL,'null\r','02-2282-3311','10:00~22:00','서울시 성동구 사근동길 42','http://map.naver.com/?dlevel=12&pinType=site&pinId=34351694&x=127.0454410&y=37.5608320&enc=b64'),(85,12,'한양문화사','',NULL,'null\r','02-2293-0850','09:00~21:00','서울시 성동구 왕십리로 221-5','http://map.naver.com/?dlevel=12&pinType=site&pinId=17895194&x=127.0415470&y=37.5631697&enc=b64'),(86,12,'동진문화사','',NULL,'null\r','02-2295-0294','미정','서울시 성동구 왕십리로 215-2','http://map.naver.com/?dlevel=12&pinType=site&pinId=17899392&x=127.0428711&y=37.5567930&enc=b64'),(87,12,'한마음출력','',NULL,'null\r','02-2292-5134','\"09:00~20:00 / 일','공휴일 휴무\"\"\"','서울시 성동구 왕십리로 213 2층'),(88,13,'알지문구','',NULL,'null\r','02-2282-7511','08:30~22:30','서울시 성동구 마조로 35','http://map.naver.com/?dlevel=12&pinType=site&pinId=17900881&x=127.0411392&y=37.5608866&enc=b64'),(89,13,'다이소','',NULL,'왕십리점\r','02-2281-6016','09:00~22:00','서울시 성동구 고산자로 234','http://map.naver.com/?dlevel=12&pinType=site&pinId=33158508&x=127.0353556&y=37.5605657&enc=b64'),(90,13,'모닝글로리','',NULL,'행당점\r','02-2292-2252','07:00~22:00 / 일 휴무','서울시 성동구 왕십리로 213','http://map.naver.com/?dlevel=12&pinType=site&pinId=18776289&x=127.0430516&y=37.5565179&enc=b64'),(91,13,'통큰딱따구리','',NULL,'null\r','','07:00~21:00 / 일 휴무','서울시 성동구 왕십리로 211','http://map.naver.com/?dlevel=12&pinType=site&pinId=18778269&x=127.0431250&y=37.5563833&enc=b64'),(92,14,'신한은행 ATM','',NULL,'null\r','','07:00~23:30','서울시 성동구 사근동 10길 제2학생생활관','http://map.naver.com/?dlevel=12&pinType=site&pinId=18775303&x=127.0497199&y=37.5598232&enc=b64'),(93,14,'새마을금고','',NULL,'null\r','02-2293-7200','07:00~23:00','서울시 성동구 사근동길 54-1','http://map.naver.com/?dlevel=11&pinType=site&pinId=13405426&x=127.0469024&y=37.5607371&enc=b64'),(94,14,'신한은행','',NULL,'왕십리역점\r','','07:00~23:30','서울시 성동구 왕십리로 296','http://map.naver.com/?dlevel=13&pinType=site&pinId=18777761&x=127.0360030&y=37.5607230&enc=b64'),(95,14,'서울성동우체국','',NULL,'null\r','02-2294-0100','\"09:00~18:00 / 토','일 휴무\"\"\"','서울시 성동구 왕십리로 303'),(96,14,'KB국민은행','',NULL,'한양대사자출장점\r','','07:00~23:30','서울시 성동구 마조로 17','http://map.naver.com/?dlevel=12&pinType=site&pinId=19585633&x=127.0407865&y=37.5592458&enc=b64'),(97,14,'하나은행','',NULL,'행당동점\r','02-2297-1111','09:00~16:00','서울시 성동구 왕십리로 235','http://map.naver.com/?dlevel=12&pinType=site&pinId=11774441&x=127.0415630&y=37.5572501&enc=b64'),(98,15,'s라인','',NULL,'null\r','02-2298-7029','09:00~21:00','서울시 성동구 사근동길 34-1','http://map.naver.com/?dlevel=11&pinType=site&pinId=17897850&x=127.0452108&y=37.5607806&enc=b64'),(99,15,'한대옷수선','',NULL,'null\r','02-2291-0131','11:00~20:00','서울시 성동구 마조로 9길 17','http://map.naver.com/?dlevel=11&pinType=site&pinId=36538501&x=127.0395734&y=37.5610617&enc=b64');
/*!40000 ALTER TABLE `shop_lifeinfo` ENABLE KEYS */;
UNLOCK TABLES;
/*!40103 SET TIME_ZONE=@OLD_TIME_ZONE */;

/*!40101 SET SQL_MODE=@OLD_SQL_MODE */;
/*!40014 SET FOREIGN_KEY_CHECKS=@OLD_FOREIGN_KEY_CHECKS */;
/*!40014 SET UNIQUE_CHECKS=@OLD_UNIQUE_CHECKS */;
/*!40101 SET CHARACTER_SET_CLIENT=@OLD_CHARACTER_SET_CLIENT */;
/*!40101 SET CHARACTER_SET_RESULTS=@OLD_CHARACTER_SET_RESULTS */;
/*!40101 SET COLLATION_CONNECTION=@OLD_COLLATION_CONNECTION */;
/*!40111 SET SQL_NOTES=@OLD_SQL_NOTES */;

-- Dump completed on 2017-09-11 23:07:14
